--------------------------------------------------------
--  파일이 생성됨 - 월요일-9월-14-2020
--------------------------------------------------------
--------------------------------------------------------
--  DDL for Sequence SEQ_BOARD_NUM
--------------------------------------------------------

   CREATE SEQUENCE  "GB"."SEQ_BOARD_NUM"  MINVALUE 1 MAXVALUE 1000 INCREMENT BY 1 START WITH 35 NOCACHE  NOORDER  NOCYCLE ;
--------------------------------------------------------
--  DDL for Sequence SEQ_FID
--------------------------------------------------------

   CREATE SEQUENCE  "GB"."SEQ_FID"  MINVALUE 1 MAXVALUE 9999999999999999999999999999 INCREMENT BY 1 START WITH 21 CACHE 20 NOORDER  NOCYCLE ;
--------------------------------------------------------
--  DDL for Sequence SEQ_MATCH_NUM
--------------------------------------------------------

   CREATE SEQUENCE  "GB"."SEQ_MATCH_NUM"  MINVALUE 1 MAXVALUE 1000 INCREMENT BY 1 START WITH 2 NOCACHE  NOORDER  NOCYCLE ;
--------------------------------------------------------
--  DDL for Sequence SEQ_MATCH_REGIST_NUM
--------------------------------------------------------

   CREATE SEQUENCE  "GB"."SEQ_MATCH_REGIST_NUM"  MINVALUE 1 MAXVALUE 1000 INCREMENT BY 1 START WITH 59 NOCACHE  NOORDER  NOCYCLE ;
--------------------------------------------------------
--  DDL for Sequence SEQ_RESERVATION_NUM
--------------------------------------------------------

   CREATE SEQUENCE  "GB"."SEQ_RESERVATION_NUM"  MINVALUE 1 MAXVALUE 1000 INCREMENT BY 1 START WITH 105 NOCACHE  NOORDER  NOCYCLE ;
--------------------------------------------------------
--  DDL for Sequence SEQ_REVIEW_NUM
--------------------------------------------------------

   CREATE SEQUENCE  "GB"."SEQ_REVIEW_NUM"  MINVALUE 1 MAXVALUE 1000 INCREMENT BY 1 START WITH 59 NOCACHE  NOORDER  NOCYCLE ;
--------------------------------------------------------
--  DDL for Sequence SEQ_STADIUM_NUM
--------------------------------------------------------

   CREATE SEQUENCE  "GB"."SEQ_STADIUM_NUM"  MINVALUE 1 MAXVALUE 1000 INCREMENT BY 1 START WITH 50 NOCACHE  NOORDER  NOCYCLE ;
--------------------------------------------------------
--  DDL for Sequence SEQ_TEAMMEMBER_NUM
--------------------------------------------------------

   CREATE SEQUENCE  "GB"."SEQ_TEAMMEMBER_NUM"  MINVALUE 1 MAXVALUE 1000 INCREMENT BY 1 START WITH 20 NOCACHE  NOORDER  NOCYCLE ;
--------------------------------------------------------
--  DDL for Sequence SEQ_TEAM_NUM
--------------------------------------------------------

   CREATE SEQUENCE  "GB"."SEQ_TEAM_NUM"  MINVALUE 1 MAXVALUE 1000 INCREMENT BY 1 START WITH 27 NOCACHE  NOORDER  NOCYCLE ;
--------------------------------------------------------
--  DDL for Table BOARD
--------------------------------------------------------

  CREATE TABLE "GB"."BOARD"
   (	"BOARD_NUM" NUMBER,
	"WRITER_EMAIL" VARCHAR2(40 BYTE),
	"BOARD_TITLE" VARCHAR2(50 BYTE),
	"BOARD_CONTENT" VARCHAR2(200 BYTE),
	"BOARD_IMG" VARCHAR2(50 BYTE),
	"BOARD_DATE" DATE DEFAULT SYSDATE,
	"BOARD_DELETE_STATUS" VARCHAR2(1 BYTE) DEFAULT 'N',
	"BOARD_WRITER" VARCHAR2(10 BYTE)
   ) SEGMENT CREATION IMMEDIATE
  PCTFREE 10 PCTUSED 40 INITRANS 1 MAXTRANS 255 NOCOMPRESS LOGGING
  STORAGE(INITIAL 65536 NEXT 1048576 MINEXTENTS 1 MAXEXTENTS 2147483645
  PCTINCREASE 0 FREELISTS 1 FREELIST GROUPS 1 BUFFER_POOL DEFAULT FLASH_CACHE DEFAULT CELL_FLASH_CACHE DEFAULT)
  TABLESPACE "SYSTEM" ;
--------------------------------------------------------
--  DDL for Table BOARD_ATTACHMENT
--------------------------------------------------------

  CREATE TABLE "GB"."BOARD_ATTACHMENT"
   (	"FILE_ID" NUMBER,
	"BOARD_NUM" NUMBER,
	"ORIGIN_NAME" VARCHAR2(255 BYTE),
	"CHANGE_NAME" VARCHAR2(255 BYTE),
	"FILE_PATH" VARCHAR2(1000 BYTE),
	"UPLOAD_DATE" DATE DEFAULT SYSDATE,
	"FILE_DELETED_STATUS" VARCHAR2(1 BYTE) DEFAULT 'N'
   ) SEGMENT CREATION IMMEDIATE
  PCTFREE 10 PCTUSED 40 INITRANS 1 MAXTRANS 255 NOCOMPRESS LOGGING
  STORAGE(INITIAL 65536 NEXT 1048576 MINEXTENTS 1 MAXEXTENTS 2147483645
  PCTINCREASE 0 FREELISTS 1 FREELIST GROUPS 1 BUFFER_POOL DEFAULT FLASH_CACHE DEFAULT CELL_FLASH_CACHE DEFAULT)
  TABLESPACE "SYSTEM" ;
--------------------------------------------------------
--  DDL for Table BRANCH
--------------------------------------------------------

  CREATE TABLE "GB"."BRANCH"
   (	"BRANCH_NUM" VARCHAR2(20 BYTE),
	"BRANCH_MANAGER_EMAIL" VARCHAR2(40 BYTE),
	"BRANCH_ADDRESS" VARCHAR2(100 BYTE),
	"BRANCH_PHONE" VARCHAR2(20 BYTE),
	"BRANCH_IMG" VARCHAR2(50 BYTE),
	"BRANCH_WEBSITE" VARCHAR2(100 BYTE),
	"BRANCH_BRANCHINFO" VARCHAR2(60 BYTE),
	"BRANCH_DETAILINFO" VARCHAR2(3000 BYTE),
	"BRANCH_NOTES" VARCHAR2(300 BYTE),
	"BRANCH_POINT" NUMBER DEFAULT 0,
	"BRANCH_OPTION_SHOWER" VARCHAR2(1 BYTE) DEFAULT 'N',
	"BRANCH_OPTION_PARK" VARCHAR2(1 BYTE) DEFAULT 'N',
	"BRANCH_OPTION_UNIFORM" VARCHAR2(1 BYTE) DEFAULT 'N',
	"BRANCH_OPTION_SHOES" VARCHAR2(1 BYTE) DEFAULT 'N',
	"BRANCH_OPTION_BALL" VARCHAR2(1 BYTE) DEFAULT 'N',
	"BRANCH_OPTION_INOUT" VARCHAR2(1 BYTE) DEFAULT 'O',
	"BRANCH_DELETE_STATUS" VARCHAR2(1 BYTE) DEFAULT 'N'
   ) SEGMENT CREATION IMMEDIATE
  PCTFREE 10 PCTUSED 40 INITRANS 1 MAXTRANS 255 NOCOMPRESS LOGGING
  STORAGE(INITIAL 65536 NEXT 1048576 MINEXTENTS 1 MAXEXTENTS 2147483645
  PCTINCREASE 0 FREELISTS 1 FREELIST GROUPS 1 BUFFER_POOL DEFAULT FLASH_CACHE DEFAULT CELL_FLASH_CACHE DEFAULT)
  TABLESPACE "SYSTEM" ;
--------------------------------------------------------
--  DDL for Table MATCH
--------------------------------------------------------

  CREATE TABLE "GB"."MATCH"
   (	"MATCH_REGIST_NUM" NUMBER,
	"MATCH_TEAM" VARCHAR2(10 BYTE),
	"MATCH_NUM" NUMBER,
	"MATCH_APPLICATION_STATUS" VARCHAR2(1 BYTE) DEFAULT 'W',
	"MATCH_WINLOSE" VARCHAR2(1 BYTE) DEFAULT 'N',
	"MANAGER_POINT_STATUS" VARCHAR2(1 BYTE) DEFAULT 'N',
	"MATCH_BRANCH_NUM" VARCHAR2(10 BYTE),
	"MATCH_STADIUM_NUM" NUMBER,
	"MATCH_RESERVATION_CODE" VARCHAR2(10 BYTE)
   ) SEGMENT CREATION IMMEDIATE
  PCTFREE 10 PCTUSED 40 INITRANS 1 MAXTRANS 255 NOCOMPRESS LOGGING
  STORAGE(INITIAL 65536 NEXT 1048576 MINEXTENTS 1 MAXEXTENTS 2147483645
  PCTINCREASE 0 FREELISTS 1 FREELIST GROUPS 1 BUFFER_POOL DEFAULT FLASH_CACHE DEFAULT CELL_FLASH_CACHE DEFAULT)
  TABLESPACE "SYSTEM" ;
--------------------------------------------------------
--  DDL for Table MATCHREGIST
--------------------------------------------------------

  CREATE TABLE "GB"."MATCHREGIST"
   (	"REGIST_NUM" NUMBER,
	"REGIST_TEAM" VARCHAR2(10 BYTE),
	"REGIST_RESERVATION_CODE" VARCHAR2(10 BYTE),
	"REGIST_STATUS" VARCHAR2(1 BYTE) DEFAULT 'Y',
	"REGIST_BRANCH_NUM" VARCHAR2(20 BYTE),
	"REGIST_STADIUM_NUM" NUMBER
   ) SEGMENT CREATION IMMEDIATE
  PCTFREE 10 PCTUSED 40 INITRANS 1 MAXTRANS 255 NOCOMPRESS LOGGING
  STORAGE(INITIAL 65536 NEXT 1048576 MINEXTENTS 1 MAXEXTENTS 2147483645
  PCTINCREASE 0 FREELISTS 1 FREELIST GROUPS 1 BUFFER_POOL DEFAULT FLASH_CACHE DEFAULT CELL_FLASH_CACHE DEFAULT)
  TABLESPACE "SYSTEM" ;
--------------------------------------------------------
--  DDL for Table MEMBER
--------------------------------------------------------

  CREATE TABLE "GB"."MEMBER"
   (	"EMAIL" VARCHAR2(40 BYTE),
	"PWD" VARCHAR2(200 BYTE),
	"NAME" VARCHAR2(10 BYTE),
	"BIRTHDAY" DATE,
	"GENDER" VARCHAR2(3 BYTE),
	"PHONE" VARCHAR2(20 BYTE),
	"ADDRESS" VARCHAR2(400 BYTE),
	"MEMBER_KAKAO" VARCHAR2(1 BYTE) DEFAULT 'N',
	"MEMBER_TYPE" VARCHAR2(1 BYTE) DEFAULT 'G',
	"MEMBER_DELETE_STATUS" VARCHAR2(1 BYTE) DEFAULT 'N'
   ) SEGMENT CREATION IMMEDIATE
  PCTFREE 10 PCTUSED 40 INITRANS 1 MAXTRANS 255 NOCOMPRESS LOGGING
  STORAGE(INITIAL 65536 NEXT 1048576 MINEXTENTS 1 MAXEXTENTS 2147483645
  PCTINCREASE 0 FREELISTS 1 FREELIST GROUPS 1 BUFFER_POOL DEFAULT FLASH_CACHE DEFAULT CELL_FLASH_CACHE DEFAULT)
  TABLESPACE "SYSTEM" ;
--------------------------------------------------------
--  DDL for Table RESERVATION
--------------------------------------------------------

  CREATE TABLE "GB"."RESERVATION"
   (	"RESERVATION_CODE" VARCHAR2(10 BYTE),
	"RESERVATION_EMAIL" VARCHAR2(40 BYTE),
	"RESERVATION_BRANCH_NUM" VARCHAR2(20 BYTE),
	"RESERVATION_STADIUM_NUM" NUMBER,
	"RESERVATION_NUM" NUMBER,
	"RESERVATION_PRICE" NUMBER,
	"RESERVATION_USAGE_START_TIME" NUMBER,
	"RESERVATION_USAGE_TIME" NUMBER,
	"RESERVATION_USAGE_END_TIME" NUMBER,
	"RESERVATION_USAGE_START_DATE" DATE,
	"RESERVATION_STATUS" VARCHAR2(1 BYTE) DEFAULT 'Y'
   ) SEGMENT CREATION IMMEDIATE
  PCTFREE 10 PCTUSED 40 INITRANS 1 MAXTRANS 255 NOCOMPRESS LOGGING
  STORAGE(INITIAL 65536 NEXT 1048576 MINEXTENTS 1 MAXEXTENTS 2147483645
  PCTINCREASE 0 FREELISTS 1 FREELIST GROUPS 1 BUFFER_POOL DEFAULT FLASH_CACHE DEFAULT CELL_FLASH_CACHE DEFAULT)
  TABLESPACE "SYSTEM" ;
--------------------------------------------------------
--  DDL for Table REVIEW
--------------------------------------------------------

  CREATE TABLE "GB"."REVIEW"
   (	"REVIEW_NUM" NUMBER,
	"REVIEW_EMAIL" VARCHAR2(40 BYTE),
	"REVIEW_BRANCH_NUM" VARCHAR2(20 BYTE),
	"REVIEW_CONTENT" VARCHAR2(200 BYTE),
	"REVIEW_POINT" NUMBER DEFAULT 0,
	"REVIEW_DATE" VARCHAR2(20 BYTE),
	"REVIEW_DELETE_STATUS" VARCHAR2(1 BYTE) DEFAULT 'N'
   ) SEGMENT CREATION IMMEDIATE
  PCTFREE 10 PCTUSED 40 INITRANS 1 MAXTRANS 255 NOCOMPRESS LOGGING
  STORAGE(INITIAL 65536 NEXT 1048576 MINEXTENTS 1 MAXEXTENTS 2147483645
  PCTINCREASE 0 FREELISTS 1 FREELIST GROUPS 1 BUFFER_POOL DEFAULT FLASH_CACHE DEFAULT CELL_FLASH_CACHE DEFAULT)
  TABLESPACE "SYSTEM" ;
--------------------------------------------------------
--  DDL for Table STADIUM
--------------------------------------------------------

  CREATE TABLE "GB"."STADIUM"
   (	"STADIUM_NUM" NUMBER,
	"STADIUM_BRANCH_NUM" VARCHAR2(20 BYTE),
	"STADIUM_NAME" VARCHAR2(10 BYTE),
	"STADIUM_MATCH_MEMBER" VARCHAR2(10 BYTE),
	"STADIUM_RESERVATION_START_TIME" NUMBER,
	"STADIUM_RESERVATION_END_TIME" NUMBER,
	"STADIUM_DELETE_STATUS" VARCHAR2(1 BYTE) DEFAULT 'N'
   ) SEGMENT CREATION IMMEDIATE
  PCTFREE 10 PCTUSED 40 INITRANS 1 MAXTRANS 255 NOCOMPRESS LOGGING
  STORAGE(INITIAL 65536 NEXT 1048576 MINEXTENTS 1 MAXEXTENTS 2147483645
  PCTINCREASE 0 FREELISTS 1 FREELIST GROUPS 1 BUFFER_POOL DEFAULT FLASH_CACHE DEFAULT CELL_FLASH_CACHE DEFAULT)
  TABLESPACE "SYSTEM" ;
--------------------------------------------------------
--  DDL for Table TEAM
--------------------------------------------------------

  CREATE TABLE "GB"."TEAM"
   (	"TEAM_CODE" VARCHAR2(10 BYTE),
	"TEAM_LEADER" VARCHAR2(40 BYTE),
	"TEAM_NUM" NUMBER,
	"TEAM_NAME" VARCHAR2(20 BYTE),
	"TEAM_GENDER" VARCHAR2(20 BYTE),
	"TEAM_AGE" VARCHAR2(10 BYTE),
	"TEAM_REGION" VARCHAR2(100 BYTE),
	"TEAM_POINT" NUMBER DEFAULT 0,
	"TEAM_MARK_IMG" VARCHAR2(50 BYTE),
	"TEAM_ACTIVE_LASTDAY" DATE,
	"TEAM_DELETE_STATUS" VARCHAR2(1 BYTE) DEFAULT 'N'
   ) SEGMENT CREATION IMMEDIATE
  PCTFREE 10 PCTUSED 40 INITRANS 1 MAXTRANS 255 NOCOMPRESS LOGGING
  STORAGE(INITIAL 65536 NEXT 1048576 MINEXTENTS 1 MAXEXTENTS 2147483645
  PCTINCREASE 0 FREELISTS 1 FREELIST GROUPS 1 BUFFER_POOL DEFAULT FLASH_CACHE DEFAULT CELL_FLASH_CACHE DEFAULT)
  TABLESPACE "SYSTEM" ;
--------------------------------------------------------
--  DDL for Table TEAMMEMBER
--------------------------------------------------------

  CREATE TABLE "GB"."TEAMMEMBER"
   (	"SUPPORTER_EMAIL" VARCHAR2(40 BYTE),
	"SUPPORT_TEAM" VARCHAR2(10 BYTE),
	"TEAMMEMBER_NUM" NUMBER,
	"POSITION" VARCHAR2(20 BYTE),
	"APPLICATION_STATUS" VARCHAR2(1 BYTE) DEFAULT 'W',
	"DELETE_STATUS" VARCHAR2(1 BYTE) DEFAULT 'N'
   ) SEGMENT CREATION IMMEDIATE
  PCTFREE 10 PCTUSED 40 INITRANS 1 MAXTRANS 255 NOCOMPRESS LOGGING
  STORAGE(INITIAL 65536 NEXT 1048576 MINEXTENTS 1 MAXEXTENTS 2147483645
  PCTINCREASE 0 FREELISTS 1 FREELIST GROUPS 1 BUFFER_POOL DEFAULT FLASH_CACHE DEFAULT CELL_FLASH_CACHE DEFAULT)
  TABLESPACE "SYSTEM" ;
--------------------------------------------------------
--  DDL for View BOARD_LIST
--------------------------------------------------------

  CREATE OR REPLACE FORCE VIEW "GB"."BOARD_LIST" ("NO", "BOARD_NUM", "WRITER_EMAIL", "BOARD_TITLE", "BOARD_CONTENT", "BOARD_IMG", "BOARD_DATE", "BOARD_DELETE_STATUS", "BOARD_WRITER") AS
  SELECT ROWNUM AS NO, BOARD_NUM, WRITER_EMAIL, BOARD_TITLE, BOARD_CONTENT, BOARD_IMG, BOARD_DATE, BOARD_DELETE_STATUS, BOARD_WRITER
FROM (SELECT * FROM BOARD  WHERE BOARD_DELETE_STATUS='N' ORDER BY BOARD_NUM DESC)
;
--------------------------------------------------------
--  DDL for View BRANCHLIST
--------------------------------------------------------

  CREATE OR REPLACE FORCE VIEW "GB"."BRANCHLIST" ("RNUM", "BRANCH_NUM", "BRANCH_MANAGER_EMAIL", "BRANCH_ADDRESS", "BRANCH_PHONE", "BRANCH_IMG", "BRANCH_WEBSITE", "BRANCH_BRANCHINFO", "BRANCH_DETAILINFO", "BRANCH_NOTES", "BRANCH_POINT", "BRANCH_OPTION_SHOWER", "BRANCH_OPTION_PARK", "BRANCH_OPTION_UNIFORM", "BRANCH_OPTION_SHOES", "BRANCH_OPTION_BALL", "BRANCH_OPTION_INOUT", "BRANCH_DELETE_STATUS") AS
  SELECT ROWNUM RNUM, DESCBRANCH."BRANCH_NUM",DESCBRANCH."BRANCH_MANAGER_EMAIL",DESCBRANCH."BRANCH_ADDRESS",DESCBRANCH."BRANCH_PHONE",DESCBRANCH."BRANCH_IMG",DESCBRANCH."BRANCH_WEBSITE",DESCBRANCH."BRANCH_BRANCHINFO",DESCBRANCH."BRANCH_DETAILINFO",DESCBRANCH."BRANCH_NOTES",DESCBRANCH."BRANCH_POINT",DESCBRANCH."BRANCH_OPTION_SHOWER",DESCBRANCH."BRANCH_OPTION_PARK",DESCBRANCH."BRANCH_OPTION_UNIFORM",DESCBRANCH."BRANCH_OPTION_SHOES",DESCBRANCH."BRANCH_OPTION_BALL",DESCBRANCH."BRANCH_OPTION_INOUT",DESCBRANCH."BRANCH_DELETE_STATUS" FROM (SELECT * FROM BRANCH WHERE BRANCH_DELETE_STATUS = 'N' AND BRANCH_MANAGER_EMAIL='wow1214@daum.net'ORDER BY BRANCH_NUM DESC) DESCBRANCH
;
--------------------------------------------------------
--  DDL for View MATCHLIST
--------------------------------------------------------

  CREATE OR REPLACE FORCE VIEW "GB"."MATCHLIST" ("RNUM", "MATCH_REGIST_NUM", "MATCH_TEAM", "MATCH_NUM", "MATCH_APPLICATION_STATUS", "MATCH_WINLOSE", "MANAGER_POINT_STATUS", "MATCH_BRANCH_NUM", "MATCH_STADIUM_NUM", "MATCH_RESERVATION_CODE", "REGIST_NUM", "REGIST_TEAM", "REGIST_RESERVATION_CODE", "REGIST_STATUS", "REGIST_BRANCH_NUM", "REGIST_STADIUM_NUM", "TEAM_CODE", "TEAM_LEADER", "TEAM_NUM", "TEAM_NAME", "TEAM_GENDER", "TEAM_AGE", "TEAM_REGION", "TEAM_POINT", "TEAM_MARK_IMG", "TEAM_ACTIVE_LASTDAY", "TEAM_DELETE_STATUS", "RESERVATION_CODE", "RESERVATION_EMAIL", "RESERVATION_BRANCH_NUM", "RESERVATION_STADIUM_NUM", "RESERVATION_NUM", "RESERVATION_PRICE", "RESERVATION_USAGE_START_TIME", "RESERVATION_USAGE_TIME", "RESERVATION_USAGE_END_TIME", "RESERVATION_USAGE_START_DATE", "RESERVATION_STATUS", "BRANCH_NUM", "BRANCH_MANAGER_EMAIL", "BRANCH_ADDRESS", "BRANCH_PHONE", "BRANCH_IMG", "BRANCH_WEBSITE", "BRANCH_BRANCHINFO", "BRANCH_DETAILINFO", "BRANCH_NOTES", "BRANCH_POINT", "BRANCH_OPTION_SHOWER", "BRANCH_OPTION_PARK", "BRANCH_OPTION_UNIFORM", "BRANCH_OPTION_SHOES", "BRANCH_OPTION_BALL", "BRANCH_OPTION_INOUT", "BRANCH_DELETE_STATUS", "STADIUM_NUM", "STADIUM_BRANCH_NUM", "STADIUM_NAME", "STADIUM_MATCH_MEMBER", "STADIUM_RESERVATION_START_TIME", "STADIUM_RESERVATION_END_TIME", "STADIUM_DELETE_STATUS") AS
  SELECT ROWNUM RNUM, DESCMATCH."MATCH_REGIST_NUM",DESCMATCH."MATCH_TEAM",DESCMATCH."MATCH_NUM",DESCMATCH."MATCH_APPLICATION_STATUS",DESCMATCH."MATCH_WINLOSE",DESCMATCH."MANAGER_POINT_STATUS",DESCMATCH."MATCH_BRANCH_NUM",DESCMATCH."MATCH_STADIUM_NUM",DESCMATCH."MATCH_RESERVATION_CODE",DESCMATCH."REGIST_NUM",DESCMATCH."REGIST_TEAM",DESCMATCH."REGIST_RESERVATION_CODE",DESCMATCH."REGIST_STATUS",DESCMATCH."REGIST_BRANCH_NUM",DESCMATCH."REGIST_STADIUM_NUM",DESCMATCH."TEAM_CODE",DESCMATCH."TEAM_LEADER",DESCMATCH."TEAM_NUM",DESCMATCH."TEAM_NAME",DESCMATCH."TEAM_GENDER",DESCMATCH."TEAM_AGE",DESCMATCH."TEAM_REGION",DESCMATCH."TEAM_POINT",DESCMATCH."TEAM_MARK_IMG",DESCMATCH."TEAM_ACTIVE_LASTDAY",DESCMATCH."TEAM_DELETE_STATUS",DESCMATCH."RESERVATION_CODE",DESCMATCH."RESERVATION_EMAIL",DESCMATCH."RESERVATION_BRANCH_NUM",DESCMATCH."RESERVATION_STADIUM_NUM",DESCMATCH."RESERVATION_NUM",DESCMATCH."RESERVATION_PRICE",DESCMATCH."RESERVATION_USAGE_START_TIME",DESCMATCH."RESERVATION_USAGE_TIME",DESCMATCH."RESERVATION_USAGE_END_TIME",DESCMATCH."RESERVATION_USAGE_START_DATE",DESCMATCH."RESERVATION_STATUS",DESCMATCH."BRANCH_NUM",DESCMATCH."BRANCH_MANAGER_EMAIL",DESCMATCH."BRANCH_ADDRESS",DESCMATCH."BRANCH_PHONE",DESCMATCH."BRANCH_IMG",DESCMATCH."BRANCH_WEBSITE",DESCMATCH."BRANCH_BRANCHINFO",DESCMATCH."BRANCH_DETAILINFO",DESCMATCH."BRANCH_NOTES",DESCMATCH."BRANCH_POINT",DESCMATCH."BRANCH_OPTION_SHOWER",DESCMATCH."BRANCH_OPTION_PARK",DESCMATCH."BRANCH_OPTION_UNIFORM",DESCMATCH."BRANCH_OPTION_SHOES",DESCMATCH."BRANCH_OPTION_BALL",DESCMATCH."BRANCH_OPTION_INOUT",DESCMATCH."BRANCH_DELETE_STATUS",DESCMATCH."STADIUM_NUM",DESCMATCH."STADIUM_BRANCH_NUM",DESCMATCH."STADIUM_NAME",DESCMATCH."STADIUM_MATCH_MEMBER",DESCMATCH."STADIUM_RESERVATION_START_TIME",DESCMATCH."STADIUM_RESERVATION_END_TIME",DESCMATCH."STADIUM_DELETE_STATUS"
FROM (SELECT *
        FROM MATCH
        JOIN MATCHREGIST ON (MATCH_REGIST_NUM = REGIST_NUM)
        JOIN TEAM ON (MATCH_TEAM = TEAM_CODE)
        JOIN RESERVATION ON (MATCH_RESERVATION_CODE = RESERVATION_CODE)
        JOIN BRANCH ON (MATCH_BRANCH_NUM = BRANCH_NUM)
        JOIN STADIUM ON (MATCH_STADIUM_NUM = STADIUM_NUM)
        WHERE RESERVATION_STATUS='Y' AND RESERVATION_USAGE_START_DATE >= SYSDATE
        ORDER BY MATCH_NUM DESC) DESCMATCH
;
--------------------------------------------------------
--  DDL for View MATCHREGISTLIST
--------------------------------------------------------

  CREATE OR REPLACE FORCE VIEW "GB"."MATCHREGISTLIST" ("RNUM", "REGIST_NUM", "REGIST_TEAM", "REGIST_RESERVATION_CODE", "REGIST_STATUS", "REGIST_BRANCH_NUM", "REGIST_STADIUM_NUM", "TEAM_CODE", "TEAM_LEADER", "TEAM_NUM", "TEAM_NAME", "TEAM_GENDER", "TEAM_AGE", "TEAM_REGION", "TEAM_POINT", "TEAM_MARK_IMG", "TEAM_ACTIVE_LASTDAY", "TEAM_DELETE_STATUS", "RESERVATION_CODE", "RESERVATION_EMAIL", "RESERVATION_BRANCH_NUM", "RESERVATION_STADIUM_NUM", "RESERVATION_NUM", "RESERVATION_PRICE", "RESERVATION_USAGE_START_TIME", "RESERVATION_USAGE_TIME", "RESERVATION_USAGE_END_TIME", "RESERVATION_USAGE_START_DATE", "RESERVATION_STATUS", "BRANCH_NUM", "BRANCH_MANAGER_EMAIL", "BRANCH_ADDRESS", "BRANCH_PHONE", "BRANCH_IMG", "BRANCH_WEBSITE", "BRANCH_POINT", "BRANCH_OPTION_SHOWER", "BRANCH_OPTION_PARK", "BRANCH_OPTION_UNIFORM", "BRANCH_OPTION_SHOES", "BRANCH_OPTION_BALL", "BRANCH_OPTION_INOUT", "BRANCH_DELETE_STATUS", "STADIUM_NUM", "STADIUM_BRANCH_NUM", "STADIUM_NAME", "STADIUM_MATCH_MEMBER", "STADIUM_RESERVATION_START_TIME", "STADIUM_RESERVATION_END_TIME", "STADIUM_DELETE_STATUS") AS
  SELECT ROWNUM RNUM, DESCMATCHREGIST."REGIST_NUM",DESCMATCHREGIST."REGIST_TEAM",DESCMATCHREGIST."REGIST_RESERVATION_CODE",DESCMATCHREGIST."REGIST_STATUS",DESCMATCHREGIST."REGIST_BRANCH_NUM",DESCMATCHREGIST."REGIST_STADIUM_NUM",DESCMATCHREGIST."TEAM_CODE",DESCMATCHREGIST."TEAM_LEADER",DESCMATCHREGIST."TEAM_NUM",DESCMATCHREGIST."TEAM_NAME",DESCMATCHREGIST."TEAM_GENDER",DESCMATCHREGIST."TEAM_AGE",DESCMATCHREGIST."TEAM_REGION",DESCMATCHREGIST."TEAM_POINT",DESCMATCHREGIST."TEAM_MARK_IMG",DESCMATCHREGIST."TEAM_ACTIVE_LASTDAY",DESCMATCHREGIST."TEAM_DELETE_STATUS",DESCMATCHREGIST."RESERVATION_CODE",DESCMATCHREGIST."RESERVATION_EMAIL",DESCMATCHREGIST."RESERVATION_BRANCH_NUM",DESCMATCHREGIST."RESERVATION_STADIUM_NUM",DESCMATCHREGIST."RESERVATION_NUM",DESCMATCHREGIST."RESERVATION_PRICE",DESCMATCHREGIST."RESERVATION_USAGE_START_TIME",DESCMATCHREGIST."RESERVATION_USAGE_TIME",DESCMATCHREGIST."RESERVATION_USAGE_END_TIME",DESCMATCHREGIST."RESERVATION_USAGE_START_DATE",DESCMATCHREGIST."RESERVATION_STATUS",DESCMATCHREGIST."BRANCH_NUM",DESCMATCHREGIST."BRANCH_MANAGER_EMAIL",DESCMATCHREGIST."BRANCH_ADDRESS",DESCMATCHREGIST."BRANCH_PHONE",DESCMATCHREGIST."BRANCH_IMG",DESCMATCHREGIST."BRANCH_WEBSITE",DESCMATCHREGIST."BRANCH_POINT",DESCMATCHREGIST."BRANCH_OPTION_SHOWER",DESCMATCHREGIST."BRANCH_OPTION_PARK",DESCMATCHREGIST."BRANCH_OPTION_UNIFORM",DESCMATCHREGIST."BRANCH_OPTION_SHOES",DESCMATCHREGIST."BRANCH_OPTION_BALL",DESCMATCHREGIST."BRANCH_OPTION_INOUT",DESCMATCHREGIST."BRANCH_DELETE_STATUS",DESCMATCHREGIST."STADIUM_NUM",DESCMATCHREGIST."STADIUM_BRANCH_NUM",DESCMATCHREGIST."STADIUM_NAME",DESCMATCHREGIST."STADIUM_MATCH_MEMBER",DESCMATCHREGIST."STADIUM_RESERVATION_START_TIME",DESCMATCHREGIST."STADIUM_RESERVATION_END_TIME",DESCMATCHREGIST."STADIUM_DELETE_STATUS"
FROM (SELECT *
        FROM MATCHREGIST
        JOIN TEAM ON (REGIST_TEAM = TEAM_CODE)
        JOIN RESERVATION ON (REGIST_RESERVATION_CODE = RESERVATION_CODE)
        JOIN BRANCH ON (REGIST_BRANCH_NUM = BRANCH_NUM)
        JOIN STADIUM ON (REGIST_STADIUM_NUM = STADIUM_NUM)
        WHERE REGIST_STATUS IN ('Y','N') AND RESERVATION_STATUS='Y' AND RESERVATION_USAGE_START_DATE >= SYSDATE
        ORDER BY REGIST_NUM DESC) DESCMATCHREGIST
;
--------------------------------------------------------
--  DDL for View MATCHREGISTSEARCHLIST
--------------------------------------------------------

  CREATE OR REPLACE FORCE VIEW "GB"."MATCHREGISTSEARCHLIST" ("RNUM", "REGIST_NUM", "REGIST_TEAM", "REGIST_RESERVATION_CODE", "REGIST_STATUS", "REGIST_BRANCH_NUM", "REGIST_STADIUM_NUM", "TEAM_CODE", "TEAM_LEADER", "TEAM_NUM", "TEAM_NAME", "TEAM_GENDER", "TEAM_AGE", "TEAM_REGION", "TEAM_POINT", "TEAM_MARK_IMG", "TEAM_ACTIVE_LASTDAY", "TEAM_DELETE_STATUS", "RESERVATION_CODE", "RESERVATION_EMAIL", "RESERVATION_BRANCH_NUM", "RESERVATION_STADIUM_NUM", "RESERVATION_NUM", "RESERVATION_PRICE", "RESERVATION_USAGE_START_TIME", "RESERVATION_USAGE_TIME", "RESERVATION_USAGE_END_TIME", "RESERVATION_USAGE_START_DATE", "RESERVATION_STATUS", "BRANCH_NUM", "BRANCH_MANAGER_EMAIL", "BRANCH_ADDRESS", "BRANCH_PHONE", "BRANCH_IMG", "BRANCH_WEBSITE", "BRANCH_BRANCHINFO", "BRANCH_DETAILINFO", "BRANCH_NOTES", "BRANCH_POINT", "BRANCH_OPTION_SHOWER", "BRANCH_OPTION_PARK", "BRANCH_OPTION_UNIFORM", "BRANCH_OPTION_SHOES", "BRANCH_OPTION_BALL", "BRANCH_OPTION_INOUT", "BRANCH_DELETE_STATUS", "STADIUM_NUM", "STADIUM_BRANCH_NUM", "STADIUM_NAME", "STADIUM_MATCH_MEMBER", "STADIUM_RESERVATION_START_TIME", "STADIUM_RESERVATION_END_TIME", "STADIUM_DELETE_STATUS") AS
  SELECT ROWNUM RNUM, DESCMATCHREGIST."REGIST_NUM",DESCMATCHREGIST."REGIST_TEAM",DESCMATCHREGIST."REGIST_RESERVATION_CODE",DESCMATCHREGIST."REGIST_STATUS",DESCMATCHREGIST."REGIST_BRANCH_NUM",DESCMATCHREGIST."REGIST_STADIUM_NUM",DESCMATCHREGIST."TEAM_CODE",DESCMATCHREGIST."TEAM_LEADER",DESCMATCHREGIST."TEAM_NUM",DESCMATCHREGIST."TEAM_NAME",DESCMATCHREGIST."TEAM_GENDER",DESCMATCHREGIST."TEAM_AGE",DESCMATCHREGIST."TEAM_REGION",DESCMATCHREGIST."TEAM_POINT",DESCMATCHREGIST."TEAM_MARK_IMG",DESCMATCHREGIST."TEAM_ACTIVE_LASTDAY",DESCMATCHREGIST."TEAM_DELETE_STATUS",DESCMATCHREGIST."RESERVATION_CODE",DESCMATCHREGIST."RESERVATION_EMAIL",DESCMATCHREGIST."RESERVATION_BRANCH_NUM",DESCMATCHREGIST."RESERVATION_STADIUM_NUM",DESCMATCHREGIST."RESERVATION_NUM",DESCMATCHREGIST."RESERVATION_PRICE",DESCMATCHREGIST."RESERVATION_USAGE_START_TIME",DESCMATCHREGIST."RESERVATION_USAGE_TIME",DESCMATCHREGIST."RESERVATION_USAGE_END_TIME",DESCMATCHREGIST."RESERVATION_USAGE_START_DATE",DESCMATCHREGIST."RESERVATION_STATUS",DESCMATCHREGIST."BRANCH_NUM",DESCMATCHREGIST."BRANCH_MANAGER_EMAIL",DESCMATCHREGIST."BRANCH_ADDRESS",DESCMATCHREGIST."BRANCH_PHONE",DESCMATCHREGIST."BRANCH_IMG",DESCMATCHREGIST."BRANCH_WEBSITE",DESCMATCHREGIST."BRANCH_BRANCHINFO",DESCMATCHREGIST."BRANCH_DETAILINFO",DESCMATCHREGIST."BRANCH_NOTES",DESCMATCHREGIST."BRANCH_POINT",DESCMATCHREGIST."BRANCH_OPTION_SHOWER",DESCMATCHREGIST."BRANCH_OPTION_PARK",DESCMATCHREGIST."BRANCH_OPTION_UNIFORM",DESCMATCHREGIST."BRANCH_OPTION_SHOES",DESCMATCHREGIST."BRANCH_OPTION_BALL",DESCMATCHREGIST."BRANCH_OPTION_INOUT",DESCMATCHREGIST."BRANCH_DELETE_STATUS",DESCMATCHREGIST."STADIUM_NUM",DESCMATCHREGIST."STADIUM_BRANCH_NUM",DESCMATCHREGIST."STADIUM_NAME",DESCMATCHREGIST."STADIUM_MATCH_MEMBER",DESCMATCHREGIST."STADIUM_RESERVATION_START_TIME",DESCMATCHREGIST."STADIUM_RESERVATION_END_TIME",DESCMATCHREGIST."STADIUM_DELETE_STATUS" FROM (SELECT * FROM MATCHREGIST JOIN TEAM ON (REGIST_TEAM = TEAM_CODE) JOIN RESERVATION ON (REGIST_RESERVATION_CODE = RESERVATION_CODE) JOIN BRANCH ON (REGIST_BRANCH_NUM = BRANCH_NUM) JOIN STADIUM ON (REGIST_STADIUM_NUM = STADIUM_NUM) WHERE REGIST_STATUS IN ('Y','N') AND RESERVATION_STATUS='Y' AND RESERVATION_USAGE_START_DATE >= SYSDATE AND STADIUM_MATCH_MEMBER = '4vs4' ORDER BY REGIST_NUM DESC) DESCMATCHREGIST
;
--------------------------------------------------------
--  DDL for View RESERVATIONLIST
--------------------------------------------------------

  CREATE OR REPLACE FORCE VIEW "GB"."RESERVATIONLIST" ("RNUM", "RESERVATION_CODE", "RESERVATION_EMAIL", "RESERVATION_BRANCH_NUM", "RESERVATION_STADIUM_NUM", "RESERVATION_NUM", "RESERVATION_PRICE", "RESERVATION_USAGE_START_TIME", "RESERVATION_USAGE_TIME", "RESERVATION_USAGE_END_TIME", "RESERVATION_USAGE_START_DATE", "RESERVATION_STATUS", "STADIUM_NUM", "STADIUM_BRANCH_NUM", "STADIUM_NAME", "STADIUM_MATCH_MEMBER", "STADIUM_RESERVATION_START_TIME", "STADIUM_RESERVATION_END_TIME", "STADIUM_DELETE_STATUS") AS
  SELECT ROWNUM RNUM, DESCRESERVATION."RESERVATION_CODE",DESCRESERVATION."RESERVATION_EMAIL",DESCRESERVATION."RESERVATION_BRANCH_NUM",DESCRESERVATION."RESERVATION_STADIUM_NUM",DESCRESERVATION."RESERVATION_NUM",DESCRESERVATION."RESERVATION_PRICE",DESCRESERVATION."RESERVATION_USAGE_START_TIME",DESCRESERVATION."RESERVATION_USAGE_TIME",DESCRESERVATION."RESERVATION_USAGE_END_TIME",DESCRESERVATION."RESERVATION_USAGE_START_DATE",DESCRESERVATION."RESERVATION_STATUS",DESCRESERVATION."STADIUM_NUM",DESCRESERVATION."STADIUM_BRANCH_NUM",DESCRESERVATION."STADIUM_NAME",DESCRESERVATION."STADIUM_MATCH_MEMBER",DESCRESERVATION."STADIUM_RESERVATION_START_TIME",DESCRESERVATION."STADIUM_RESERVATION_END_TIME",DESCRESERVATION."STADIUM_DELETE_STATUS" FROM (SELECT * FROM RESERVATION JOIN STADIUM ON (RESERVATION_STADIUM_NUM = STADIUM_NUM) WHERE RESERVATION_STATUS = 'Y' AND RESERVATION_EMAIL ='dmsrkd1111@gmail.com' ORDER BY RESERVATION_NUM DESC) DESCRESERVATION
;
--------------------------------------------------------
--  DDL for View RESERVATIONLIST2
--------------------------------------------------------

  CREATE OR REPLACE FORCE VIEW "GB"."RESERVATIONLIST2" ("RNUM", "RESERVATION_CODE", "RESERVATION_EMAIL", "RESERVATION_BRANCH_NUM", "RESERVATION_STADIUM_NUM", "RESERVATION_NUM", "RESERVATION_PRICE", "RESERVATION_USAGE_START_TIME", "RESERVATION_USAGE_TIME", "RESERVATION_USAGE_END_TIME", "RESERVATION_USAGE_START_DATE", "RESERVATION_STATUS", "STADIUM_NUM", "STADIUM_BRANCH_NUM", "STADIUM_NAME", "STADIUM_MATCH_MEMBER", "STADIUM_RESERVATION_START_TIME", "STADIUM_RESERVATION_END_TIME", "STADIUM_DELETE_STATUS", "BRANCH_NUM", "BRANCH_MANAGER_EMAIL", "BRANCH_ADDRESS", "BRANCH_PHONE", "BRANCH_IMG", "BRANCH_WEBSITE", "BRANCH_BRANCHINFO", "BRANCH_DETAILINFO", "BRANCH_NOTES", "BRANCH_POINT", "BRANCH_OPTION_SHOWER", "BRANCH_OPTION_PARK", "BRANCH_OPTION_UNIFORM", "BRANCH_OPTION_SHOES", "BRANCH_OPTION_BALL", "BRANCH_OPTION_INOUT", "BRANCH_DELETE_STATUS") AS
  SELECT ROWNUM RNUM, DESCRESERVATION."RESERVATION_CODE",DESCRESERVATION."RESERVATION_EMAIL",DESCRESERVATION."RESERVATION_BRANCH_NUM",DESCRESERVATION."RESERVATION_STADIUM_NUM",DESCRESERVATION."RESERVATION_NUM",DESCRESERVATION."RESERVATION_PRICE",DESCRESERVATION."RESERVATION_USAGE_START_TIME",DESCRESERVATION."RESERVATION_USAGE_TIME",DESCRESERVATION."RESERVATION_USAGE_END_TIME",DESCRESERVATION."RESERVATION_USAGE_START_DATE",DESCRESERVATION."RESERVATION_STATUS",DESCRESERVATION."STADIUM_NUM",DESCRESERVATION."STADIUM_BRANCH_NUM",DESCRESERVATION."STADIUM_NAME",DESCRESERVATION."STADIUM_MATCH_MEMBER",DESCRESERVATION."STADIUM_RESERVATION_START_TIME",DESCRESERVATION."STADIUM_RESERVATION_END_TIME",DESCRESERVATION."STADIUM_DELETE_STATUS",DESCRESERVATION."BRANCH_NUM",DESCRESERVATION."BRANCH_MANAGER_EMAIL",DESCRESERVATION."BRANCH_ADDRESS",DESCRESERVATION."BRANCH_PHONE",DESCRESERVATION."BRANCH_IMG",DESCRESERVATION."BRANCH_WEBSITE",DESCRESERVATION."BRANCH_BRANCHINFO",DESCRESERVATION."BRANCH_DETAILINFO",DESCRESERVATION."BRANCH_NOTES",DESCRESERVATION."BRANCH_POINT",DESCRESERVATION."BRANCH_OPTION_SHOWER",DESCRESERVATION."BRANCH_OPTION_PARK",DESCRESERVATION."BRANCH_OPTION_UNIFORM",DESCRESERVATION."BRANCH_OPTION_SHOES",DESCRESERVATION."BRANCH_OPTION_BALL",DESCRESERVATION."BRANCH_OPTION_INOUT",DESCRESERVATION."BRANCH_DELETE_STATUS" FROM (SELECT * FROM RESERVATION JOIN STADIUM ON (RESERVATION_STADIUM_NUM = STADIUM_NUM) JOIN BRANCH ON (RESERVATION_BRANCH_NUM = BRANCH_NUM) WHERE BRANCH_MANAGER_EMAIL='wow1214@daum.net' ORDER BY RESERVATION_NUM DESC) DESCRESERVATION
;
--------------------------------------------------------
--  DDL for View REVIEWLIST
--------------------------------------------------------

  CREATE OR REPLACE FORCE VIEW "GB"."REVIEWLIST" ("RNUM", "REVIEW_NUM", "REVIEW_EMAIL", "REVIEW_BRANCH_NUM", "REVIEW_CONTENT", "REVIEW_POINT", "REVIEW_DATE", "REVIEW_DELETE_STATUS", "EMAIL", "PWD", "NAME", "BIRTHDAY", "GENDER", "PHONE", "ADDRESS", "MEMBER_KAKAO", "MEMBER_TYPE", "MEMBER_DELETE_STATUS") AS
  SELECT ROWNUM RNUM, DESCREVIEW."REVIEW_NUM",DESCREVIEW."REVIEW_EMAIL",DESCREVIEW."REVIEW_BRANCH_NUM",DESCREVIEW."REVIEW_CONTENT",DESCREVIEW."REVIEW_POINT",DESCREVIEW."REVIEW_DATE",DESCREVIEW."REVIEW_DELETE_STATUS",DESCREVIEW."EMAIL",DESCREVIEW."PWD",DESCREVIEW."NAME",DESCREVIEW."BIRTHDAY",DESCREVIEW."GENDER",DESCREVIEW."PHONE",DESCREVIEW."ADDRESS",DESCREVIEW."MEMBER_KAKAO",DESCREVIEW."MEMBER_TYPE",DESCREVIEW."MEMBER_DELETE_STATUS"
FROM (SELECT *
        FROM REVIEW
        JOIN MEMBER ON (REVIEW_EMAIL = EMAIL)
        WHERE REVIEW_DELETE_STATUS = 'N'
        ORDER BY REVIEW_NUM DESC) DESCREVIEW
;
--------------------------------------------------------
--  DDL for View STADIUMLIST
--------------------------------------------------------

  CREATE OR REPLACE FORCE VIEW "GB"."STADIUMLIST" ("RNUM", "STADIUM_NUM", "STADIUM_BRANCH_NUM", "STADIUM_NAME", "STADIUM_MATCH_MEMBER", "STADIUM_RESERVATION_START_TIME", "STADIUM_RESERVATION_END_TIME", "STADIUM_DELETE_STATUS", "BRANCH_NUM", "BRANCH_MANAGER_EMAIL", "BRANCH_ADDRESS", "BRANCH_PHONE", "BRANCH_IMG", "BRANCH_WEBSITE", "BRANCH_BRANCHINFO", "BRANCH_DETAILINFO", "BRANCH_NOTES", "BRANCH_POINT", "BRANCH_OPTION_SHOWER", "BRANCH_OPTION_PARK", "BRANCH_OPTION_UNIFORM", "BRANCH_OPTION_SHOES", "BRANCH_OPTION_BALL", "BRANCH_OPTION_INOUT", "BRANCH_DELETE_STATUS") AS
  SELECT ROWNUM RNUM, DESCSTADIUM."STADIUM_NUM",DESCSTADIUM."STADIUM_BRANCH_NUM",DESCSTADIUM."STADIUM_NAME",DESCSTADIUM."STADIUM_MATCH_MEMBER",DESCSTADIUM."STADIUM_RESERVATION_START_TIME",DESCSTADIUM."STADIUM_RESERVATION_END_TIME",DESCSTADIUM."STADIUM_DELETE_STATUS",DESCSTADIUM."BRANCH_NUM",DESCSTADIUM."BRANCH_MANAGER_EMAIL",DESCSTADIUM."BRANCH_ADDRESS",DESCSTADIUM."BRANCH_PHONE",DESCSTADIUM."BRANCH_IMG",DESCSTADIUM."BRANCH_WEBSITE",DESCSTADIUM."BRANCH_BRANCHINFO",DESCSTADIUM."BRANCH_DETAILINFO",DESCSTADIUM."BRANCH_NOTES",DESCSTADIUM."BRANCH_POINT",DESCSTADIUM."BRANCH_OPTION_SHOWER",DESCSTADIUM."BRANCH_OPTION_PARK",DESCSTADIUM."BRANCH_OPTION_UNIFORM",DESCSTADIUM."BRANCH_OPTION_SHOES",DESCSTADIUM."BRANCH_OPTION_BALL",DESCSTADIUM."BRANCH_OPTION_INOUT",DESCSTADIUM."BRANCH_DELETE_STATUS"
FROM (SELECT *
        FROM STADIUM
            JOIN BRANCH ON (stadium_branch_num = BRANCH_NUM)
        WHERE STADIUM_DELETE_STATUS = 'N'
        ORDER BY STADIUM_NUM DESC) DESCSTADIUM
;
--------------------------------------------------------
--  DDL for View STADIUMSEARCHLIST
--------------------------------------------------------

  CREATE OR REPLACE FORCE VIEW "GB"."STADIUMSEARCHLIST" ("RNUM", "STADIUM_NUM", "STADIUM_BRANCH_NUM", "STADIUM_NAME", "STADIUM_MATCH_MEMBER", "STADIUM_RESERVATION_START_TIME", "STADIUM_RESERVATION_END_TIME", "STADIUM_DELETE_STATUS", "BRANCH_NUM", "BRANCH_MANAGER_EMAIL", "BRANCH_ADDRESS", "BRANCH_PHONE", "BRANCH_IMG", "BRANCH_WEBSITE", "BRANCH_BRANCHINFO", "BRANCH_DETAILINFO", "BRANCH_NOTES", "BRANCH_POINT", "BRANCH_OPTION_SHOWER", "BRANCH_OPTION_PARK", "BRANCH_OPTION_UNIFORM", "BRANCH_OPTION_SHOES", "BRANCH_OPTION_BALL", "BRANCH_OPTION_INOUT", "BRANCH_DELETE_STATUS") AS
  SELECT ROWNUM RNUM, DESCSTADIUM."STADIUM_NUM",DESCSTADIUM."STADIUM_BRANCH_NUM",DESCSTADIUM."STADIUM_NAME",DESCSTADIUM."STADIUM_MATCH_MEMBER",DESCSTADIUM."STADIUM_RESERVATION_START_TIME",DESCSTADIUM."STADIUM_RESERVATION_END_TIME",DESCSTADIUM."STADIUM_DELETE_STATUS",DESCSTADIUM."BRANCH_NUM",DESCSTADIUM."BRANCH_MANAGER_EMAIL",DESCSTADIUM."BRANCH_ADDRESS",DESCSTADIUM."BRANCH_PHONE",DESCSTADIUM."BRANCH_IMG",DESCSTADIUM."BRANCH_WEBSITE",DESCSTADIUM."BRANCH_BRANCHINFO",DESCSTADIUM."BRANCH_DETAILINFO",DESCSTADIUM."BRANCH_NOTES",DESCSTADIUM."BRANCH_POINT",DESCSTADIUM."BRANCH_OPTION_SHOWER",DESCSTADIUM."BRANCH_OPTION_PARK",DESCSTADIUM."BRANCH_OPTION_UNIFORM",DESCSTADIUM."BRANCH_OPTION_SHOES",DESCSTADIUM."BRANCH_OPTION_BALL",DESCSTADIUM."BRANCH_OPTION_INOUT",DESCSTADIUM."BRANCH_DELETE_STATUS" FROM (SELECT * FROM STADIUM JOIN BRANCH ON (stadium_branch_num = BRANCH_NUM) WHERE STADIUM_DELETE_STATUS = 'N' AND STADIUM_BRANCH_NUM LIKE '%상암%' ORDER BY STADIUM_NUM DESC) DESCSTADIUM
;
--------------------------------------------------------
--  DDL for View TEAMAPPLICATIONLIST
--------------------------------------------------------

  CREATE OR REPLACE FORCE VIEW "GB"."TEAMAPPLICATIONLIST" ("RNUM", "SUPPORTER_EMAIL", "SUPPORT_TEAM", "TEAMMEMBER_NUM", "POSITION", "APPLICATION_STATUS", "DELETE_STATUS", "EMAIL", "PWD", "NAME", "BIRTHDAY", "GENDER", "PHONE", "ADDRESS", "MEMBER_KAKAO", "MEMBER_TYPE", "MEMBER_DELETE_STATUS") AS
  SELECT ROWNUM RNUM, DESCTEAMMEMBER."SUPPORTER_EMAIL",DESCTEAMMEMBER."SUPPORT_TEAM",DESCTEAMMEMBER."TEAMMEMBER_NUM",DESCTEAMMEMBER."POSITION",DESCTEAMMEMBER."APPLICATION_STATUS",DESCTEAMMEMBER."DELETE_STATUS",DESCTEAMMEMBER."EMAIL",DESCTEAMMEMBER."PWD",DESCTEAMMEMBER."NAME",DESCTEAMMEMBER."BIRTHDAY",DESCTEAMMEMBER."GENDER",DESCTEAMMEMBER."PHONE",DESCTEAMMEMBER."ADDRESS",DESCTEAMMEMBER."MEMBER_KAKAO",DESCTEAMMEMBER."MEMBER_TYPE",DESCTEAMMEMBER."MEMBER_DELETE_STATUS"
FROM (SELECT *
        FROM TEAMMEMBER
            JOIN MEMBER ON (SUPPORTER_EMAIL = EMAIL)
        WHERE APPLICATION_STATUS = 'W'
        ORDER BY TEAMMEMBER_NUM DESC) DESCTEAMMEMBER
;
--------------------------------------------------------
--  DDL for View TEAMLIST
--------------------------------------------------------

  CREATE OR REPLACE FORCE VIEW "GB"."TEAMLIST" ("RNUM", "TEAM_CODE", "TEAM_LEADER", "TEAM_NUM", "TEAM_NAME", "TEAM_GENDER", "TEAM_AGE", "TEAM_REGION", "TEAM_POINT", "TEAM_MARK_IMG", "TEAM_ACTIVE_LASTDAY", "TEAM_DELETE_STATUS") AS
  SELECT ROWNUM RNUM, DESCTEAM."TEAM_CODE",DESCTEAM."TEAM_LEADER",DESCTEAM."TEAM_NUM",DESCTEAM."TEAM_NAME",DESCTEAM."TEAM_GENDER",DESCTEAM."TEAM_AGE",DESCTEAM."TEAM_REGION",DESCTEAM."TEAM_POINT",DESCTEAM."TEAM_MARK_IMG",DESCTEAM."TEAM_ACTIVE_LASTDAY",DESCTEAM."TEAM_DELETE_STATUS"
FROM (SELECT *
        FROM TEAM
        WHERE TEAM_DELETE_STATUS = 'N'
        ORDER BY TEAM_NUM DESC) DESCTEAM
;
--------------------------------------------------------
--  DDL for View TEAMMEMBERLIST
--------------------------------------------------------

  CREATE OR REPLACE FORCE VIEW "GB"."TEAMMEMBERLIST" ("RNUM", "SUPPORTER_EMAIL", "SUPPORT_TEAM", "TEAMMEMBER_NUM", "POSITION", "APPLICATION_STATUS", "DELETE_STATUS", "EMAIL", "PWD", "NAME", "BIRTHDAY", "GENDER", "PHONE", "ADDRESS", "MEMBER_KAKAO", "MEMBER_TYPE", "MEMBER_DELETE_STATUS") AS
  SELECT ROWNUM RNUM, DESCTEAMMEMBER."SUPPORTER_EMAIL",DESCTEAMMEMBER."SUPPORT_TEAM",DESCTEAMMEMBER."TEAMMEMBER_NUM",DESCTEAMMEMBER."POSITION",DESCTEAMMEMBER."APPLICATION_STATUS",DESCTEAMMEMBER."DELETE_STATUS",DESCTEAMMEMBER."EMAIL",DESCTEAMMEMBER."PWD",DESCTEAMMEMBER."NAME",DESCTEAMMEMBER."BIRTHDAY",DESCTEAMMEMBER."GENDER",DESCTEAMMEMBER."PHONE",DESCTEAMMEMBER."ADDRESS",DESCTEAMMEMBER."MEMBER_KAKAO",DESCTEAMMEMBER."MEMBER_TYPE",DESCTEAMMEMBER."MEMBER_DELETE_STATUS"
FROM (SELECT *
        FROM TEAMMEMBER
            JOIN MEMBER ON (SUPPORTER_EMAIL = EMAIL)
        WHERE APPLICATION_STATUS = 'Y' AND DELETE_STATUS = 'N'
        ORDER BY TEAMMEMBER_NUM DESC) DESCTEAMMEMBER
;
--------------------------------------------------------
--  DDL for View TEAMMEMBERLIST2
--------------------------------------------------------

  CREATE OR REPLACE FORCE VIEW "GB"."TEAMMEMBERLIST2" ("RNUM", "SUPPORTER_EMAIL", "SUPPORT_TEAM", "TEAMMEMBER_NUM", "POSITION", "APPLICATION_STATUS", "DELETE_STATUS", "TEAM_CODE", "TEAM_LEADER", "TEAM_NUM", "TEAM_NAME", "TEAM_GENDER", "TEAM_AGE", "TEAM_REGION", "TEAM_POINT", "TEAM_MARK_IMG", "TEAM_ACTIVE_LASTDAY", "TEAM_DELETE_STATUS") AS
  SELECT ROWNUM RNUM, SUPPORTER_EMAIL, SUPPORT_TEAM, TEAMMEMBER_NUM, POSITION, APPLICATION_STATUS, DELETE_STATUS, TEAM_CODE, TEAM_LEADER, TEAM_NUM, TEAM_NAME, TEAM_GENDER,
TEAM_AGE, TEAM_REGION, TEAM_POINT, TEAM_MARK_IMG, TEAM_ACTIVE_LASTDAY, TEAM_DELETE_STATUS
FROM(SELECT * FROM TEAMMEMBER JOIN TEAM ON(SUPPORT_TEAM = TEAM_CODE)
WHERE DELETE_STATUS = 'N')
;
REM INSERTING into GB.BOARD
SET DEFINE OFF;
Insert into GB.BOARD (BOARD_NUM,WRITER_EMAIL,BOARD_TITLE,BOARD_CONTENT,BOARD_IMG,BOARD_DATE,BOARD_DELETE_STATUS,BOARD_WRITER) values (24,'admin@goodball.com','공지사항 테스트3','이미지가 있는공지사항 -> 이미지가 없는 공지사항으로 변경하기
과연 성공일까?',null,to_date('20/09/04','RR/MM/DD'),'N','admin');
Insert into GB.BOARD (BOARD_NUM,WRITER_EMAIL,BOARD_TITLE,BOARD_CONTENT,BOARD_IMG,BOARD_DATE,BOARD_DELETE_STATUS,BOARD_WRITER) values (25,'admin@goodball.com','게시글 삭제 예시1','이미지가 없는 공지사항 삭제 해보자',null,to_date('20/09/04','RR/MM/DD'),'Y','admin');
Insert into GB.BOARD (BOARD_NUM,WRITER_EMAIL,BOARD_TITLE,BOARD_CONTENT,BOARD_IMG,BOARD_DATE,BOARD_DELETE_STATUS,BOARD_WRITER) values (26,'admin@goodball.com','게시글삭제예시(이미지가 있음)','게시글 삭제 예시 - 윤겔라','64kadabra.png',to_date('20/09/04','RR/MM/DD'),'N','admin');
Insert into GB.BOARD (BOARD_NUM,WRITER_EMAIL,BOARD_TITLE,BOARD_CONTENT,BOARD_IMG,BOARD_DATE,BOARD_DELETE_STATUS,BOARD_WRITER) values (22,'admin@goodball.com','공지사항테스트1-변경','이미지없는 공지사항 -> 이미지없는 공지사항 (성공)
이미지없는 공지사항 -> 이미지 있는 공지사항으로 변경','achamo.png',to_date('20/09/04','RR/MM/DD'),'N','admin');
Insert into GB.BOARD (BOARD_NUM,WRITER_EMAIL,BOARD_TITLE,BOARD_CONTENT,BOARD_IMG,BOARD_DATE,BOARD_DELETE_STATUS,BOARD_WRITER) values (27,'admin@goodball.com','게시글 삭제 테스트2','게시글 삭제 테스트2',null,to_date('20/09/04','RR/MM/DD'),'N','admin');
Insert into GB.BOARD (BOARD_NUM,WRITER_EMAIL,BOARD_TITLE,BOARD_CONTENT,BOARD_IMG,BOARD_DATE,BOARD_DELETE_STATUS,BOARD_WRITER) values (23,'admin@goodball.com','공지사항2 변경','이미지 o(아차모) -> 이미지o(메가번치코)
','blaziken.png',to_date('20/09/04','RR/MM/DD'),'N','admin');
Insert into GB.BOARD (BOARD_NUM,WRITER_EMAIL,BOARD_TITLE,BOARD_CONTENT,BOARD_IMG,BOARD_DATE,BOARD_DELETE_STATUS,BOARD_WRITER) values (33,'admin@goodball.com','공지사항4','살려줘 자고싶어...',null,to_date('20/09/04','RR/MM/DD'),'Y','admin');
Insert into GB.BOARD (BOARD_NUM,WRITER_EMAIL,BOARD_TITLE,BOARD_CONTENT,BOARD_IMG,BOARD_DATE,BOARD_DELETE_STATUS,BOARD_WRITER) values (34,'admin@goodball.com','공지사항4','살려줘...ㅠㅠㅠ',null,to_date('20/09/04','RR/MM/DD'),'Y','admin');
Insert into GB.BOARD (BOARD_NUM,WRITER_EMAIL,BOARD_TITLE,BOARD_CONTENT,BOARD_IMG,BOARD_DATE,BOARD_DELETE_STATUS,BOARD_WRITER) values (32,'admin@goodball.com','공지사항4','살려줘어....ㅠ 나제발 자고싶어',null,to_date('20/09/04','RR/MM/DD'),'Y','admin');
REM INSERTING into GB.BOARD_ATTACHMENT
SET DEFINE OFF;
Insert into GB.BOARD_ATTACHMENT (FILE_ID,BOARD_NUM,ORIGIN_NAME,CHANGE_NAME,FILE_PATH,UPLOAD_DATE,FILE_DELETED_STATUS) values (5,22,'achamo.png','BOARD_2020090406260995450.png','C:\Users\USER\Documents\GitHub\Semi-Project\02_UI구현\ui_trial02\최은강\0829\0829_김용연_정규동_최은강_통합\SEMI_GoodBall_total_ver01\WebContent\/resources/storage/board_img/',to_date('20/09/04','RR/MM/DD'),'N');
Insert into GB.BOARD_ATTACHMENT (FILE_ID,BOARD_NUM,ORIGIN_NAME,CHANGE_NAME,FILE_PATH,UPLOAD_DATE,FILE_DELETED_STATUS) values (6,24,'abra.png','BOARD_2020090406271523080.png','C:\Users\USER\Documents\GitHub\Semi-Project\02_UI구현\ui_trial02\최은강\0829\0829_김용연_정규동_최은강_통합\SEMI_GoodBall_total_ver01\WebContent\/resources/storage/board_img/',to_date('20/09/04','RR/MM/DD'),'Y');
Insert into GB.BOARD_ATTACHMENT (FILE_ID,BOARD_NUM,ORIGIN_NAME,CHANGE_NAME,FILE_PATH,UPLOAD_DATE,FILE_DELETED_STATUS) values (4,23,'blaziken.png','BOARD_2020090406154438818.png','C:\Users\USER\Documents\GitHub\Semi-Project\02_UI구현\ui_trial02\최은강\0829\0829_김용연_정규동_최은강_통합\SEMI_GoodBall_total_ver01\WebContent\/resources/storage/board_img/',to_date('20/09/04','RR/MM/DD'),'N');
Insert into GB.BOARD_ATTACHMENT (FILE_ID,BOARD_NUM,ORIGIN_NAME,CHANGE_NAME,FILE_PATH,UPLOAD_DATE,FILE_DELETED_STATUS) values (7,26,'alakazam.jpg','BOARD_2020091304552958573.jpg','C:\Users\USER\Documents\GitHub\Semi-Project\02_UI구현\ui_trial02\최은강\0829\0829_김용연_정규동_최은강_통합\SEMI_GoodBall_total_ver01\WebContent\/resources/storage/board_img/',to_date('20/09/13','RR/MM/DD'),'N');
REM INSERTING into GB.BRANCH
SET DEFINE OFF;
Insert into GB.BRANCH (BRANCH_NUM,BRANCH_MANAGER_EMAIL,BRANCH_ADDRESS,BRANCH_PHONE,BRANCH_IMG,BRANCH_WEBSITE,BRANCH_BRANCHINFO,BRANCH_DETAILINFO,BRANCH_NOTES,BRANCH_POINT,BRANCH_OPTION_SHOWER,BRANCH_OPTION_PARK,BRANCH_OPTION_UNIFORM,BRANCH_OPTION_SHOES,BRANCH_OPTION_BALL,BRANCH_OPTION_INOUT,BRANCH_DELETE_STATUS) values ('BN1','werty1212@daum.net','서울특별시 마포구 성산동 515','02-2132-2242','지점.png','http://www.seoulworldcupst.or.kr',null,null,null,3,'Y','Y','Y','N','N','O','N');
Insert into GB.BRANCH (BRANCH_NUM,BRANCH_MANAGER_EMAIL,BRANCH_ADDRESS,BRANCH_PHONE,BRANCH_IMG,BRANCH_WEBSITE,BRANCH_BRANCHINFO,BRANCH_DETAILINFO,BRANCH_NOTES,BRANCH_POINT,BRANCH_OPTION_SHOWER,BRANCH_OPTION_PARK,BRANCH_OPTION_UNIFORM,BRANCH_OPTION_SHOES,BRANCH_OPTION_BALL,BRANCH_OPTION_INOUT,BRANCH_DELETE_STATUS) values ('BN2','werty1212@daum.net','서울특별시 마포구 성산동 424','02-2545-2142','지점2.png','http://www.seoulworldcupst.or.kr',null,null,null,0,'N','N','N','Y','Y','O','Y');
Insert into GB.BRANCH (BRANCH_NUM,BRANCH_MANAGER_EMAIL,BRANCH_ADDRESS,BRANCH_PHONE,BRANCH_IMG,BRANCH_WEBSITE,BRANCH_BRANCHINFO,BRANCH_DETAILINFO,BRANCH_NOTES,BRANCH_POINT,BRANCH_OPTION_SHOWER,BRANCH_OPTION_PARK,BRANCH_OPTION_UNIFORM,BRANCH_OPTION_SHOES,BRANCH_OPTION_BALL,BRANCH_OPTION_INOUT,BRANCH_DELETE_STATUS) values ('퓨처니스타','wow1212@daum.net','서울특별시 강남구 삼성동 봉은사로59길 12','02-5432-8842','지점.png','https://fustar.modoo.at/','없음','없음','없음',3,'N','Y','Y','Y','N','I','N');
Insert into GB.BRANCH (BRANCH_NUM,BRANCH_MANAGER_EMAIL,BRANCH_ADDRESS,BRANCH_PHONE,BRANCH_IMG,BRANCH_WEBSITE,BRANCH_BRANCHINFO,BRANCH_DETAILINFO,BRANCH_NOTES,BRANCH_POINT,BRANCH_OPTION_SHOWER,BRANCH_OPTION_PARK,BRANCH_OPTION_UNIFORM,BRANCH_OPTION_SHOES,BRANCH_OPTION_BALL,BRANCH_OPTION_INOUT,BRANCH_DELETE_STATUS) values ('주사랑FC','wow1212@daum.net','서울특별시 송파구 삼전동 22-2','02-4325-2572','지점1.png',null,'없음','없음','없음',3,'N','N','Y','Y','N','O','N');
Insert into GB.BRANCH (BRANCH_NUM,BRANCH_MANAGER_EMAIL,BRANCH_ADDRESS,BRANCH_PHONE,BRANCH_IMG,BRANCH_WEBSITE,BRANCH_BRANCHINFO,BRANCH_DETAILINFO,BRANCH_NOTES,BRANCH_POINT,BRANCH_OPTION_SHOWER,BRANCH_OPTION_PARK,BRANCH_OPTION_UNIFORM,BRANCH_OPTION_SHOES,BRANCH_OPTION_BALL,BRANCH_OPTION_INOUT,BRANCH_DELETE_STATUS) values ('다산','wow1214@daum.net','서울특별시 경기도 성남시 분당구 644번길 49','02-8982-1142','지점2.png',null,'없음','없음','없음',3,'Y','N','Y','Y','Y','I','N');
Insert into GB.BRANCH (BRANCH_NUM,BRANCH_MANAGER_EMAIL,BRANCH_ADDRESS,BRANCH_PHONE,BRANCH_IMG,BRANCH_WEBSITE,BRANCH_BRANCHINFO,BRANCH_DETAILINFO,BRANCH_NOTES,BRANCH_POINT,BRANCH_OPTION_SHOWER,BRANCH_OPTION_PARK,BRANCH_OPTION_UNIFORM,BRANCH_OPTION_SHOES,BRANCH_OPTION_BALL,BRANCH_OPTION_INOUT,BRANCH_DELETE_STATUS) values ('KSU','wow1214@daum.net','서울특별시 양천구 신정동 2층 은행정로4길16','02-3321-8756','지점3.png',null,'없음','없음','없음',3,'N','N','Y','Y','N','O','N');
Insert into GB.BRANCH (BRANCH_NUM,BRANCH_MANAGER_EMAIL,BRANCH_ADDRESS,BRANCH_PHONE,BRANCH_IMG,BRANCH_WEBSITE,BRANCH_BRANCHINFO,BRANCH_DETAILINFO,BRANCH_NOTES,BRANCH_POINT,BRANCH_OPTION_SHOWER,BRANCH_OPTION_PARK,BRANCH_OPTION_UNIFORM,BRANCH_OPTION_SHOES,BRANCH_OPTION_BALL,BRANCH_OPTION_INOUT,BRANCH_DELETE_STATUS) values ('루다','wow1214@daum.net','서울특별시 도봉구 방학동271-2','02-0489-1282','지점4.png','https://www.mangosports.co.kr/','없음','없음','없음',3,'N','Y','Y','Y','N','I','N');
Insert into GB.BRANCH (BRANCH_NUM,BRANCH_MANAGER_EMAIL,BRANCH_ADDRESS,BRANCH_PHONE,BRANCH_IMG,BRANCH_WEBSITE,BRANCH_BRANCHINFO,BRANCH_DETAILINFO,BRANCH_NOTES,BRANCH_POINT,BRANCH_OPTION_SHOWER,BRANCH_OPTION_PARK,BRANCH_OPTION_UNIFORM,BRANCH_OPTION_SHOES,BRANCH_OPTION_BALL,BRANCH_OPTION_INOUT,BRANCH_DELETE_STATUS) values ('상암','wow1214@daum.net','경기도 고양시 덕양구 덕은동 131-12KR','02-8065-3995','지점5.png','https://safs.modoo.at/','없음','없음','없음',3,'Y','Y','Y','Y','Y','I','N');
Insert into GB.BRANCH (BRANCH_NUM,BRANCH_MANAGER_EMAIL,BRANCH_ADDRESS,BRANCH_PHONE,BRANCH_IMG,BRANCH_WEBSITE,BRANCH_BRANCHINFO,BRANCH_DETAILINFO,BRANCH_NOTES,BRANCH_POINT,BRANCH_OPTION_SHOWER,BRANCH_OPTION_PARK,BRANCH_OPTION_UNIFORM,BRANCH_OPTION_SHOES,BRANCH_OPTION_BALL,BRANCH_OPTION_INOUT,BRANCH_DELETE_STATUS) values ('성동1','wow1214@daum.net','서울 성동구 강변북로 360 서울 성동구 성수동2가 623   (성수동2가)','010-1234-5678','black.jpg','aaa1234@twitter.com','샘플입니다.','샘플입니다. dkssudgktpdjfkdsa;fjdska;fjdsa;kfd','뒷정리를 해주세요',0,'Y','Y','Y','Y','N','I','N');
Insert into GB.BRANCH (BRANCH_NUM,BRANCH_MANAGER_EMAIL,BRANCH_ADDRESS,BRANCH_PHONE,BRANCH_IMG,BRANCH_WEBSITE,BRANCH_BRANCHINFO,BRANCH_DETAILINFO,BRANCH_NOTES,BRANCH_POINT,BRANCH_OPTION_SHOWER,BRANCH_OPTION_PARK,BRANCH_OPTION_UNIFORM,BRANCH_OPTION_SHOES,BRANCH_OPTION_BALL,BRANCH_OPTION_INOUT,BRANCH_DELETE_STATUS) values ('교대역1','wow1214@daum.net','서울 서초구 반포대로30길 86 서울 서초구 서초동 1574-3   (서초동)','010-1234-5678','abra.png','aaa1234@twitter.com','교대역 르미엘구장','안녕하세요. 굿볼팀입니다. 저희팀은 풋살관리시스템입니다. 잘부탁드립ㄴ디ㅏ.','뒷정리를 해주세요',0,'Y','Y','Y','Y','Y','O','N');
REM INSERTING into GB.MATCH
SET DEFINE OFF;
Insert into GB.MATCH (MATCH_REGIST_NUM,MATCH_TEAM,MATCH_NUM,MATCH_APPLICATION_STATUS,MATCH_WINLOSE,MANAGER_POINT_STATUS,MATCH_BRANCH_NUM,MATCH_STADIUM_NUM,MATCH_RESERVATION_CODE) values (8,'745644',1,'W','N','N','BN1',2,'454356');
REM INSERTING into GB.MATCHREGIST
SET DEFINE OFF;
Insert into GB.MATCHREGIST (REGIST_NUM,REGIST_TEAM,REGIST_RESERVATION_CODE,REGIST_STATUS,REGIST_BRANCH_NUM,REGIST_STADIUM_NUM) values (1,'432041','023142','Y','BN1',1);
Insert into GB.MATCHREGIST (REGIST_NUM,REGIST_TEAM,REGIST_RESERVATION_CODE,REGIST_STATUS,REGIST_BRANCH_NUM,REGIST_STADIUM_NUM) values (7,'542042','454356','Y','BN1',2);
Insert into GB.MATCHREGIST (REGIST_NUM,REGIST_TEAM,REGIST_RESERVATION_CODE,REGIST_STATUS,REGIST_BRANCH_NUM,REGIST_STADIUM_NUM) values (8,'542042','454356','Y','BN1',2);
Insert into GB.MATCHREGIST (REGIST_NUM,REGIST_TEAM,REGIST_RESERVATION_CODE,REGIST_STATUS,REGIST_BRANCH_NUM,REGIST_STADIUM_NUM) values (11,'745644','023142','Y','BN1',1);
Insert into GB.MATCHREGIST (REGIST_NUM,REGIST_TEAM,REGIST_RESERVATION_CODE,REGIST_STATUS,REGIST_BRANCH_NUM,REGIST_STADIUM_NUM) values (12,'745644','855674','Y','BN1',2);
Insert into GB.MATCHREGIST (REGIST_NUM,REGIST_TEAM,REGIST_RESERVATION_CODE,REGIST_STATUS,REGIST_BRANCH_NUM,REGIST_STADIUM_NUM) values (14,'438654','548864','Y','퓨처니스타',28);
Insert into GB.MATCHREGIST (REGIST_NUM,REGIST_TEAM,REGIST_RESERVATION_CODE,REGIST_STATUS,REGIST_BRANCH_NUM,REGIST_STADIUM_NUM) values (15,'342045','684372','Y','퓨처니스타',28);
Insert into GB.MATCHREGIST (REGIST_NUM,REGIST_TEAM,REGIST_RESERVATION_CODE,REGIST_STATUS,REGIST_BRANCH_NUM,REGIST_STADIUM_NUM) values (16,'992046','048387','Y','퓨처니스타',28);
Insert into GB.MATCHREGIST (REGIST_NUM,REGIST_TEAM,REGIST_RESERVATION_CODE,REGIST_STATUS,REGIST_BRANCH_NUM,REGIST_STADIUM_NUM) values (17,'520479','798478','Y','퓨처니스타',28);
Insert into GB.MATCHREGIST (REGIST_NUM,REGIST_TEAM,REGIST_RESERVATION_CODE,REGIST_STATUS,REGIST_BRANCH_NUM,REGIST_STADIUM_NUM) values (18,'495964','293841','Y','퓨처니스타',29);
Insert into GB.MATCHREGIST (REGIST_NUM,REGIST_TEAM,REGIST_RESERVATION_CODE,REGIST_STATUS,REGIST_BRANCH_NUM,REGIST_STADIUM_NUM) values (19,'165119','999676','Y','퓨처니스타',29);
Insert into GB.MATCHREGIST (REGIST_NUM,REGIST_TEAM,REGIST_RESERVATION_CODE,REGIST_STATUS,REGIST_BRANCH_NUM,REGIST_STADIUM_NUM) values (20,'048566','384855','Y','퓨처니스타',29);
Insert into GB.MATCHREGIST (REGIST_NUM,REGIST_TEAM,REGIST_RESERVATION_CODE,REGIST_STATUS,REGIST_BRANCH_NUM,REGIST_STADIUM_NUM) values (21,'876612','348334','Y','퓨처니스타',30);
Insert into GB.MATCHREGIST (REGIST_NUM,REGIST_TEAM,REGIST_RESERVATION_CODE,REGIST_STATUS,REGIST_BRANCH_NUM,REGIST_STADIUM_NUM) values (22,'438654','694935','Y','주사랑FC',31);
Insert into GB.MATCHREGIST (REGIST_NUM,REGIST_TEAM,REGIST_RESERVATION_CODE,REGIST_STATUS,REGIST_BRANCH_NUM,REGIST_STADIUM_NUM) values (23,'342045','895875','Y','주사랑FC',31);
Insert into GB.MATCHREGIST (REGIST_NUM,REGIST_TEAM,REGIST_RESERVATION_CODE,REGIST_STATUS,REGIST_BRANCH_NUM,REGIST_STADIUM_NUM) values (24,'992046','989744','Y','주사랑FC',31);
Insert into GB.MATCHREGIST (REGIST_NUM,REGIST_TEAM,REGIST_RESERVATION_CODE,REGIST_STATUS,REGIST_BRANCH_NUM,REGIST_STADIUM_NUM) values (25,'520479','283834','Y','주사랑FC',31);
Insert into GB.MATCHREGIST (REGIST_NUM,REGIST_TEAM,REGIST_RESERVATION_CODE,REGIST_STATUS,REGIST_BRANCH_NUM,REGIST_STADIUM_NUM) values (26,'495964','694874','Y','주사랑FC',32);
Insert into GB.MATCHREGIST (REGIST_NUM,REGIST_TEAM,REGIST_RESERVATION_CODE,REGIST_STATUS,REGIST_BRANCH_NUM,REGIST_STADIUM_NUM) values (27,'165119','172632','Y','주사랑FC',32);
Insert into GB.MATCHREGIST (REGIST_NUM,REGIST_TEAM,REGIST_RESERVATION_CODE,REGIST_STATUS,REGIST_BRANCH_NUM,REGIST_STADIUM_NUM) values (28,'048566','486372','Y','주사랑FC',33);
Insert into GB.MATCHREGIST (REGIST_NUM,REGIST_TEAM,REGIST_RESERVATION_CODE,REGIST_STATUS,REGIST_BRANCH_NUM,REGIST_STADIUM_NUM) values (29,'876612','429292','Y','주사랑FC',33);
Insert into GB.MATCHREGIST (REGIST_NUM,REGIST_TEAM,REGIST_RESERVATION_CODE,REGIST_STATUS,REGIST_BRANCH_NUM,REGIST_STADIUM_NUM) values (30,'438654','748473','Y','다산',34);
Insert into GB.MATCHREGIST (REGIST_NUM,REGIST_TEAM,REGIST_RESERVATION_CODE,REGIST_STATUS,REGIST_BRANCH_NUM,REGIST_STADIUM_NUM) values (31,'342045','768485','Y','다산',34);
Insert into GB.MATCHREGIST (REGIST_NUM,REGIST_TEAM,REGIST_RESERVATION_CODE,REGIST_STATUS,REGIST_BRANCH_NUM,REGIST_STADIUM_NUM) values (32,'992046','127374','Y','다산',34);
Insert into GB.MATCHREGIST (REGIST_NUM,REGIST_TEAM,REGIST_RESERVATION_CODE,REGIST_STATUS,REGIST_BRANCH_NUM,REGIST_STADIUM_NUM) values (33,'520479','979859','Y','다산',34);
Insert into GB.MATCHREGIST (REGIST_NUM,REGIST_TEAM,REGIST_RESERVATION_CODE,REGIST_STATUS,REGIST_BRANCH_NUM,REGIST_STADIUM_NUM) values (34,'495964','748864','Y','다산',35);
Insert into GB.MATCHREGIST (REGIST_NUM,REGIST_TEAM,REGIST_RESERVATION_CODE,REGIST_STATUS,REGIST_BRANCH_NUM,REGIST_STADIUM_NUM) values (35,'165119','712837','Y','다산',35);
Insert into GB.MATCHREGIST (REGIST_NUM,REGIST_TEAM,REGIST_RESERVATION_CODE,REGIST_STATUS,REGIST_BRANCH_NUM,REGIST_STADIUM_NUM) values (36,'048566','684933','Y','다산',35);
Insert into GB.MATCHREGIST (REGIST_NUM,REGIST_TEAM,REGIST_RESERVATION_CODE,REGIST_STATUS,REGIST_BRANCH_NUM,REGIST_STADIUM_NUM) values (37,'876612','664832','Y','다산',35);
Insert into GB.MATCHREGIST (REGIST_NUM,REGIST_TEAM,REGIST_RESERVATION_CODE,REGIST_STATUS,REGIST_BRANCH_NUM,REGIST_STADIUM_NUM) values (38,'438654','493871','Y','KSU',36);
Insert into GB.MATCHREGIST (REGIST_NUM,REGIST_TEAM,REGIST_RESERVATION_CODE,REGIST_STATUS,REGIST_BRANCH_NUM,REGIST_STADIUM_NUM) values (39,'342045','492783','Y','KSU',36);
Insert into GB.MATCHREGIST (REGIST_NUM,REGIST_TEAM,REGIST_RESERVATION_CODE,REGIST_STATUS,REGIST_BRANCH_NUM,REGIST_STADIUM_NUM) values (40,'992046','173663','Y','KSU',36);
Insert into GB.MATCHREGIST (REGIST_NUM,REGIST_TEAM,REGIST_RESERVATION_CODE,REGIST_STATUS,REGIST_BRANCH_NUM,REGIST_STADIUM_NUM) values (41,'520479','675476','Y','KSU',36);
Insert into GB.MATCHREGIST (REGIST_NUM,REGIST_TEAM,REGIST_RESERVATION_CODE,REGIST_STATUS,REGIST_BRANCH_NUM,REGIST_STADIUM_NUM) values (42,'495964','581734','Y','KSU',36);
Insert into GB.MATCHREGIST (REGIST_NUM,REGIST_TEAM,REGIST_RESERVATION_CODE,REGIST_STATUS,REGIST_BRANCH_NUM,REGIST_STADIUM_NUM) values (43,'438654','656565','Y','루다',39);
Insert into GB.MATCHREGIST (REGIST_NUM,REGIST_TEAM,REGIST_RESERVATION_CODE,REGIST_STATUS,REGIST_BRANCH_NUM,REGIST_STADIUM_NUM) values (44,'342045','489375','Y','루다',39);
Insert into GB.MATCHREGIST (REGIST_NUM,REGIST_TEAM,REGIST_RESERVATION_CODE,REGIST_STATUS,REGIST_BRANCH_NUM,REGIST_STADIUM_NUM) values (45,'992046','192834','Y','루다',40);
Insert into GB.MATCHREGIST (REGIST_NUM,REGIST_TEAM,REGIST_RESERVATION_CODE,REGIST_STATUS,REGIST_BRANCH_NUM,REGIST_STADIUM_NUM) values (46,'520479','694838','Y','루다',40);
Insert into GB.MATCHREGIST (REGIST_NUM,REGIST_TEAM,REGIST_RESERVATION_CODE,REGIST_STATUS,REGIST_BRANCH_NUM,REGIST_STADIUM_NUM) values (47,'495964','400234','Y','루다',40);
Insert into GB.MATCHREGIST (REGIST_NUM,REGIST_TEAM,REGIST_RESERVATION_CODE,REGIST_STATUS,REGIST_BRANCH_NUM,REGIST_STADIUM_NUM) values (48,'165119','994004','Y','루다',40);
Insert into GB.MATCHREGIST (REGIST_NUM,REGIST_TEAM,REGIST_RESERVATION_CODE,REGIST_STATUS,REGIST_BRANCH_NUM,REGIST_STADIUM_NUM) values (49,'048566','232395','Y','루다',40);
Insert into GB.MATCHREGIST (REGIST_NUM,REGIST_TEAM,REGIST_RESERVATION_CODE,REGIST_STATUS,REGIST_BRANCH_NUM,REGIST_STADIUM_NUM) values (50,'876612','767854','Y','루다',40);
Insert into GB.MATCHREGIST (REGIST_NUM,REGIST_TEAM,REGIST_RESERVATION_CODE,REGIST_STATUS,REGIST_BRANCH_NUM,REGIST_STADIUM_NUM) values (51,'438654','549958','Y','상암',43);
Insert into GB.MATCHREGIST (REGIST_NUM,REGIST_TEAM,REGIST_RESERVATION_CODE,REGIST_STATUS,REGIST_BRANCH_NUM,REGIST_STADIUM_NUM) values (52,'342045','119283','Y','상암',43);
Insert into GB.MATCHREGIST (REGIST_NUM,REGIST_TEAM,REGIST_RESERVATION_CODE,REGIST_STATUS,REGIST_BRANCH_NUM,REGIST_STADIUM_NUM) values (53,'992046','191943','Y','상암',43);
Insert into GB.MATCHREGIST (REGIST_NUM,REGIST_TEAM,REGIST_RESERVATION_CODE,REGIST_STATUS,REGIST_BRANCH_NUM,REGIST_STADIUM_NUM) values (54,'520479','484215','Y','상암',45);
Insert into GB.MATCHREGIST (REGIST_NUM,REGIST_TEAM,REGIST_RESERVATION_CODE,REGIST_STATUS,REGIST_BRANCH_NUM,REGIST_STADIUM_NUM) values (55,'495964','791285','Y','상암',45);
Insert into GB.MATCHREGIST (REGIST_NUM,REGIST_TEAM,REGIST_RESERVATION_CODE,REGIST_STATUS,REGIST_BRANCH_NUM,REGIST_STADIUM_NUM) values (56,'165119','698733','Y','상암',46);
Insert into GB.MATCHREGIST (REGIST_NUM,REGIST_TEAM,REGIST_RESERVATION_CODE,REGIST_STATUS,REGIST_BRANCH_NUM,REGIST_STADIUM_NUM) values (57,'048566','192742','Y','상암',46);
Insert into GB.MATCHREGIST (REGIST_NUM,REGIST_TEAM,REGIST_RESERVATION_CODE,REGIST_STATUS,REGIST_BRANCH_NUM,REGIST_STADIUM_NUM) values (58,'876612','689843','Y','상암',46);
REM INSERTING into GB.MEMBER
SET DEFINE OFF;
Insert into GB.MEMBER (EMAIL,PWD,NAME,BIRTHDAY,GENDER,PHONE,ADDRESS,MEMBER_KAKAO,MEMBER_TYPE,MEMBER_DELETE_STATUS) values ('werty1212@daum.net','kuKDLHnfTFUB2csn7dSzWZLrDn1siSNiso58AG2QAVmr2JsplvAT9R6NzRH/4cF5bwe5FSYS5AJPiidD3eLhjQ==','박성현',to_date('92/08/22','RR/MM/DD'),'남','01065655435','강남구','N','M','N');
Insert into GB.MEMBER (EMAIL,PWD,NAME,BIRTHDAY,GENDER,PHONE,ADDRESS,MEMBER_KAKAO,MEMBER_TYPE,MEMBER_DELETE_STATUS) values ('werty23@daum.net','Wq20VSDc2HJrKCKnp4u1PXlPVXGZ1dSr3t0sVaS9bKc2B2BcVY3j24DI6GwxlkhFZhY+0TJ+gui2dX0ZMhE8uA==','이지호',to_date('97/06/12','RR/MM/DD'),'남','01054839644','서초구','N','G','N');
Insert into GB.MEMBER (EMAIL,PWD,NAME,BIRTHDAY,GENDER,PHONE,ADDRESS,MEMBER_KAKAO,MEMBER_TYPE,MEMBER_DELETE_STATUS) values ('wer1@daum.net','Wq20VSDc2HJrKCKnp4u1PXlPVXGZ1dSr3t0sVaS9bKc2B2BcVY3j24DI6GwxlkhFZhY+0TJ+gui2dX0ZMhE8uA==','김건우',to_date('20/06/12','RR/MM/DD'),'남','01064584372','강남구','N','G','N');
Insert into GB.MEMBER (EMAIL,PWD,NAME,BIRTHDAY,GENDER,PHONE,ADDRESS,MEMBER_KAKAO,MEMBER_TYPE,MEMBER_DELETE_STATUS) values ('wer2@daum.net','Wq20VSDc2HJrKCKnp4u1PXlPVXGZ1dSr3t0sVaS9bKc2B2BcVY3j24DI6GwxlkhFZhY+0TJ+gui2dX0ZMhE8uA==','이현준',to_date('93/11/23','RR/MM/DD'),'남','01054546675','서초구','N','G','N');
Insert into GB.MEMBER (EMAIL,PWD,NAME,BIRTHDAY,GENDER,PHONE,ADDRESS,MEMBER_KAKAO,MEMBER_TYPE,MEMBER_DELETE_STATUS) values ('wer3@daum.net','Wq20VSDc2HJrKCKnp4u1PXlPVXGZ1dSr3t0sVaS9bKc2B2BcVY3j24DI6GwxlkhFZhY+0TJ+gui2dX0ZMhE8uA==','박성민',to_date('20/06/12','RR/MM/DD'),'남','01087764345','강남구','N','G','N');
Insert into GB.MEMBER (EMAIL,PWD,NAME,BIRTHDAY,GENDER,PHONE,ADDRESS,MEMBER_KAKAO,MEMBER_TYPE,MEMBER_DELETE_STATUS) values ('wer4@daum.net','Wq20VSDc2HJrKCKnp4u1PXlPVXGZ1dSr3t0sVaS9bKc2B2BcVY3j24DI6GwxlkhFZhY+0TJ+gui2dX0ZMhE8uA==','박승우',to_date('88/04/10','RR/MM/DD'),'남','01049746545','서초구','N','G','N');
Insert into GB.MEMBER (EMAIL,PWD,NAME,BIRTHDAY,GENDER,PHONE,ADDRESS,MEMBER_KAKAO,MEMBER_TYPE,MEMBER_DELETE_STATUS) values ('werty45@daum.net','Wq20VSDc2HJrKCKnp4u1PXlPVXGZ1dSr3t0sVaS9bKc2B2BcVY3j24DI6GwxlkhFZhY+0TJ+gui2dX0ZMhE8uA==','정창섭',to_date('93/04/10','RR/MM/DD'),'남','01011112222','관악구','N','G','N');
Insert into GB.MEMBER (EMAIL,PWD,NAME,BIRTHDAY,GENDER,PHONE,ADDRESS,MEMBER_KAKAO,MEMBER_TYPE,MEMBER_DELETE_STATUS) values ('werty89@daum.net','Wq20VSDc2HJrKCKnp4u1PXlPVXGZ1dSr3t0sVaS9bKc2B2BcVY3j24DI6GwxlkhFZhY+0TJ+gui2dX0ZMhE8uA==','이제욱',to_date('93/11/11','RR/MM/DD'),'남','01011112222','속초시','N','G','N');
Insert into GB.MEMBER (EMAIL,PWD,NAME,BIRTHDAY,GENDER,PHONE,ADDRESS,MEMBER_KAKAO,MEMBER_TYPE,MEMBER_DELETE_STATUS) values ('admin@goodball.com','1ARVn2Auq2/WAqx2gNrL+q3RNjAzXpUfCXrzkA6d4Xa22yhRLy4AC50E+6UTPoscbo31nbOoq51gvkuXzJ6B2w==','admin',to_date('20/09/03','RR/MM/DD'),'남','010-1111-2222',null,'N','R','N');
Insert into GB.MEMBER (EMAIL,PWD,NAME,BIRTHDAY,GENDER,PHONE,ADDRESS,MEMBER_KAKAO,MEMBER_TYPE,MEMBER_DELETE_STATUS) values ('ek12mv21@gmail.com','1ARVn2Auq2/WAqx2gNrL+q3RNjAzXpUfCXrzkA6d4Xa22yhRLy4AC50E+6UTPoscbo31nbOoq51gvkuXzJ6B2w==','최은강',to_date('20/09/01','RR/MM/DD'),'여','01012345678','경기 성남시 분당구 판교역로2번길 1 경기 성남시 분당구 백현동 582-6   (백현동)','N','G','N');
Insert into GB.MEMBER (EMAIL,PWD,NAME,BIRTHDAY,GENDER,PHONE,ADDRESS,MEMBER_KAKAO,MEMBER_TYPE,MEMBER_DELETE_STATUS) values ('rose1214_@naver.com','1ARVn2Auq2/WAqx2gNrL+q3RNjAzXpUfCXrzkA6d4Xa22yhRLy4AC50E+6UTPoscbo31nbOoq51gvkuXzJ6B2w==','박금강',to_date('20/08/31','RR/MM/DD'),'여','01012345678','   ','N','G','N');
Insert into GB.MEMBER (EMAIL,PWD,NAME,BIRTHDAY,GENDER,PHONE,ADDRESS,MEMBER_KAKAO,MEMBER_TYPE,MEMBER_DELETE_STATUS) values ('rose1217@daum.net','621Fz6GZCUs21inhWJBXpPIXbVo77BpfxbjN+aljm3EWEHZSONkc+MgUrubqS0cNoRyXgakiBUvWYUjDXF4pJQ==','이은강',to_date('18/11/30','RR/MM/DD'),'남','01012345678','경기 성남시 분당구 판교역로10번길 3-1 경기 성남시 분당구 백현동 578-8   (백현동)','N','G','N');
Insert into GB.MEMBER (EMAIL,PWD,NAME,BIRTHDAY,GENDER,PHONE,ADDRESS,MEMBER_KAKAO,MEMBER_TYPE,MEMBER_DELETE_STATUS) values ('jy1217@gmail.com','3C6Yvca0CNisddHW20arrDYaEIAG2Fk/XuFVOF3GgZ9XXw1+wmbcNGCI2pH+bonB5pIU0GAhKMcM5nW3hL+Rag==','최정윤',to_date('11/06/23','RR/MM/DD'),'여','01077778888','서울 강남구 역삼로 106    (역삼동)','N','G','N');
Insert into GB.MEMBER (EMAIL,PWD,NAME,BIRTHDAY,GENDER,PHONE,ADDRESS,MEMBER_KAKAO,MEMBER_TYPE,MEMBER_DELETE_STATUS) values ('wow12@daum.net','12','김태진',to_date('99/01/25','RR/MM/DD'),'남','01015432142','서울특별시 강남구','N','G','N');
Insert into GB.MEMBER (EMAIL,PWD,NAME,BIRTHDAY,GENDER,PHONE,ADDRESS,MEMBER_KAKAO,MEMBER_TYPE,MEMBER_DELETE_STATUS) values ('wow23@daum.net','12','김재성',to_date('97/06/06','RR/MM/DD'),'남','01076184715','서울특별시 성북구','N','G','N');
Insert into GB.MEMBER (EMAIL,PWD,NAME,BIRTHDAY,GENDER,PHONE,ADDRESS,MEMBER_KAKAO,MEMBER_TYPE,MEMBER_DELETE_STATUS) values ('wow45@daum.net','12','김대경',to_date('93/04/10','RR/MM/DD'),'남','01095867393','서울특별시 노원구','N','G','N');
Insert into GB.MEMBER (EMAIL,PWD,NAME,BIRTHDAY,GENDER,PHONE,ADDRESS,MEMBER_KAKAO,MEMBER_TYPE,MEMBER_DELETE_STATUS) values ('wow67@daum.net','12','조계용',to_date('97/12/12','RR/MM/DD'),'남','01017896557','서울특별시 강남구','N','G','N');
Insert into GB.MEMBER (EMAIL,PWD,NAME,BIRTHDAY,GENDER,PHONE,ADDRESS,MEMBER_KAKAO,MEMBER_TYPE,MEMBER_DELETE_STATUS) values ('wow89@daum.net','12','김규택',to_date('89/07/30','RR/MM/DD'),'남','01098084766','서울특별시 양천구','N','G','N');
Insert into GB.MEMBER (EMAIL,PWD,NAME,BIRTHDAY,GENDER,PHONE,ADDRESS,MEMBER_KAKAO,MEMBER_TYPE,MEMBER_DELETE_STATUS) values ('wow1212@daum.net','Wq20VSDc2HJrKCKnp4u1PXlPVXGZ1dSr3t0sVaS9bKc2B2BcVY3j24DI6GwxlkhFZhY+0TJ+gui2dX0ZMhE8uA==','박현권',to_date('93/08/04','RR/MM/DD'),'남','01058471153','서울특별시 마포구','N','M','N');
Insert into GB.MEMBER (EMAIL,PWD,NAME,BIRTHDAY,GENDER,PHONE,ADDRESS,MEMBER_KAKAO,MEMBER_TYPE,MEMBER_DELETE_STATUS) values ('wow1214@daum.net','Wq20VSDc2HJrKCKnp4u1PXlPVXGZ1dSr3t0sVaS9bKc2B2BcVY3j24DI6GwxlkhFZhY+0TJ+gui2dX0ZMhE8uA==','이제욱',to_date('93/01/04','RR/MM/DD'),'남','01078546353','서울특별시 마포구','N','M','N');
Insert into GB.MEMBER (EMAIL,PWD,NAME,BIRTHDAY,GENDER,PHONE,ADDRESS,MEMBER_KAKAO,MEMBER_TYPE,MEMBER_DELETE_STATUS) values ('wow12123@daum.net','12','조세',to_date('92/04/09','RR/MM/DD'),'남','01079583535','서울특별시 서초구','N','R','N');
Insert into GB.MEMBER (EMAIL,PWD,NAME,BIRTHDAY,GENDER,PHONE,ADDRESS,MEMBER_KAKAO,MEMBER_TYPE,MEMBER_DELETE_STATUS) values ('wow1@daum.net','12','정동섭',to_date('95/06/15','RR/MM/DD'),'남','01073983277','서울특별시 서대문구','N','G','N');
Insert into GB.MEMBER (EMAIL,PWD,NAME,BIRTHDAY,GENDER,PHONE,ADDRESS,MEMBER_KAKAO,MEMBER_TYPE,MEMBER_DELETE_STATUS) values ('wow2@daum.net','12','정준',to_date('97/06/18','RR/MM/DD'),'남','010195491236','서울특별시 중랑구','N','G','N');
Insert into GB.MEMBER (EMAIL,PWD,NAME,BIRTHDAY,GENDER,PHONE,ADDRESS,MEMBER_KAKAO,MEMBER_TYPE,MEMBER_DELETE_STATUS) values ('wow3@daum.net','kuKDLHnfTFUB2csn7dSzWZLrDn1siSNiso58AG2QAVmr2JsplvAT9R6NzRH/4cF5bwe5FSYS5AJPiidD3eLhjQ==','정찬샘',to_date('99/06/04','RR/MM/DD'),'남','01058372289','서울특별시 중구','N','G','N');
Insert into GB.MEMBER (EMAIL,PWD,NAME,BIRTHDAY,GENDER,PHONE,ADDRESS,MEMBER_KAKAO,MEMBER_TYPE,MEMBER_DELETE_STATUS) values ('wow4@daum.net','12','이상훈',to_date('97/06/22','RR/MM/DD'),'남','01048570087','서울특별시 동작구','N','G','N');
Insert into GB.MEMBER (EMAIL,PWD,NAME,BIRTHDAY,GENDER,PHONE,ADDRESS,MEMBER_KAKAO,MEMBER_TYPE,MEMBER_DELETE_STATUS) values ('wow5@daum.net','12','이석인',to_date('90/06/26','RR/MM/DD'),'남','01023490833','서울특별시 마포구','N','G','N');
Insert into GB.MEMBER (EMAIL,PWD,NAME,BIRTHDAY,GENDER,PHONE,ADDRESS,MEMBER_KAKAO,MEMBER_TYPE,MEMBER_DELETE_STATUS) values ('wow6@daum.net','12','김유선',to_date('88/06/17','RR/MM/DD'),'여','01098912437','서울특별시 송파구','N','G','N');
Insert into GB.MEMBER (EMAIL,PWD,NAME,BIRTHDAY,GENDER,PHONE,ADDRESS,MEMBER_KAKAO,MEMBER_TYPE,MEMBER_DELETE_STATUS) values ('wow7@daum.net','12','이하은',to_date('95/06/05','RR/MM/DD'),'여','01048574445','서울특별시 강남구','N','G','N');
Insert into GB.MEMBER (EMAIL,PWD,NAME,BIRTHDAY,GENDER,PHONE,ADDRESS,MEMBER_KAKAO,MEMBER_TYPE,MEMBER_DELETE_STATUS) values ('wow8@daum.net','12','준민',to_date('92/06/12','RR/MM/DD'),'남','01017784459','서울특별시 강남구','N','G','N');
Insert into GB.MEMBER (EMAIL,PWD,NAME,BIRTHDAY,GENDER,PHONE,ADDRESS,MEMBER_KAKAO,MEMBER_TYPE,MEMBER_DELETE_STATUS) values ('wow9@daum.net','12','황재민',to_date('91/06/29','RR/MM/DD'),'남','01045962112','서울특별시 관악구','N','G','N');
Insert into GB.MEMBER (EMAIL,PWD,NAME,BIRTHDAY,GENDER,PHONE,ADDRESS,MEMBER_KAKAO,MEMBER_TYPE,MEMBER_DELETE_STATUS) values ('dmsrkd1111@gmail.com','kuKDLHnfTFUB2csn7dSzWZLrDn1siSNiso58AG2QAVmr2JsplvAT9R6NzRH/4cF5bwe5FSYS5AJPiidD3eLhjQ==','박금강',to_date('20/09/22','RR/MM/DD'),'여','01077772222','경기 성남시 분당구 대왕판교로606번길 45 경기 성남시 분당구 삼평동 653   (삼평동)','N','G','N');
Insert into GB.MEMBER (EMAIL,PWD,NAME,BIRTHDAY,GENDER,PHONE,ADDRESS,MEMBER_KAKAO,MEMBER_TYPE,MEMBER_DELETE_STATUS) values ('dmsrkd3333@gmail.com','CZWBFRXlDfl8aqusF6IOYAtLWrGD6Zraw1xPmDBSWav8Zaw/Z8vYQ/jZ7r07EiAiSGCI3v1br2+tGs0HQaCKog==','최은경',to_date('20/09/01','RR/MM/DD'),'여','01011112222','   ','N','M','N');
Insert into GB.MEMBER (EMAIL,PWD,NAME,BIRTHDAY,GENDER,PHONE,ADDRESS,MEMBER_KAKAO,MEMBER_TYPE,MEMBER_DELETE_STATUS) values ('ek1234@naver.com','kuKDLHnfTFUB2csn7dSzWZLrDn1siSNiso58AG2QAVmr2JsplvAT9R6NzRH/4cF5bwe5FSYS5AJPiidD3eLhjQ==','강강이',to_date('17/06/25','RR/MM/DD'),'여','010-4567-8888','경북 영천시 금호읍 교대길 3 경북 영천시 금호읍 교대리 217-19  ','N','G','N');
Insert into GB.MEMBER (EMAIL,PWD,NAME,BIRTHDAY,GENDER,PHONE,ADDRESS,MEMBER_KAKAO,MEMBER_TYPE,MEMBER_DELETE_STATUS) values ('dmsrkd1216@gmail.com','kuKDLHnfTFUB2csn7dSzWZLrDn1siSNiso58AG2QAVmr2JsplvAT9R6NzRH/4cF5bwe5FSYS5AJPiidD3eLhjQ==','강강이2',to_date('19/07/25','RR/MM/DD'),'남','010-1234-5667','광주 서구 금부로 63    (금호동)','N','M','N');
REM INSERTING into GB.RESERVATION
SET DEFINE OFF;
Insert into GB.RESERVATION (RESERVATION_CODE,RESERVATION_EMAIL,RESERVATION_BRANCH_NUM,RESERVATION_STADIUM_NUM,RESERVATION_NUM,RESERVATION_PRICE,RESERVATION_USAGE_START_TIME,RESERVATION_USAGE_TIME,RESERVATION_USAGE_END_TIME,RESERVATION_USAGE_START_DATE,RESERVATION_STATUS) values ('023142','werty23@daum.net','BN1',1,1,20000,9,2,11,to_date('20/09/25','RR/MM/DD'),'Y');
Insert into GB.RESERVATION (RESERVATION_CODE,RESERVATION_EMAIL,RESERVATION_BRANCH_NUM,RESERVATION_STADIUM_NUM,RESERVATION_NUM,RESERVATION_PRICE,RESERVATION_USAGE_START_TIME,RESERVATION_USAGE_TIME,RESERVATION_USAGE_END_TIME,RESERVATION_USAGE_START_DATE,RESERVATION_STATUS) values ('548864','wow1@daum.net','퓨처니스타',28,59,20000,13,2,15,to_date('20/09/15','RR/MM/DD'),'Y');
Insert into GB.RESERVATION (RESERVATION_CODE,RESERVATION_EMAIL,RESERVATION_BRANCH_NUM,RESERVATION_STADIUM_NUM,RESERVATION_NUM,RESERVATION_PRICE,RESERVATION_USAGE_START_TIME,RESERVATION_USAGE_TIME,RESERVATION_USAGE_END_TIME,RESERVATION_USAGE_START_DATE,RESERVATION_STATUS) values ('675562','wer1@daum.net','BN1',1,2,20000,13,2,15,to_date('20/09/25','RR/MM/DD'),'Y');
Insert into GB.RESERVATION (RESERVATION_CODE,RESERVATION_EMAIL,RESERVATION_BRANCH_NUM,RESERVATION_STADIUM_NUM,RESERVATION_NUM,RESERVATION_PRICE,RESERVATION_USAGE_START_TIME,RESERVATION_USAGE_TIME,RESERVATION_USAGE_END_TIME,RESERVATION_USAGE_START_DATE,RESERVATION_STATUS) values ('454356','wer2@daum.net','BN1',2,3,20000,14,2,16,to_date('20/09/08','RR/MM/DD'),'Y');
Insert into GB.RESERVATION (RESERVATION_CODE,RESERVATION_EMAIL,RESERVATION_BRANCH_NUM,RESERVATION_STADIUM_NUM,RESERVATION_NUM,RESERVATION_PRICE,RESERVATION_USAGE_START_TIME,RESERVATION_USAGE_TIME,RESERVATION_USAGE_END_TIME,RESERVATION_USAGE_START_DATE,RESERVATION_STATUS) values ('855674','werty23@daum.net','BN1',2,6,20000,18,2,20,to_date('20/09/21','RR/MM/DD'),'Y');
Insert into GB.RESERVATION (RESERVATION_CODE,RESERVATION_EMAIL,RESERVATION_BRANCH_NUM,RESERVATION_STADIUM_NUM,RESERVATION_NUM,RESERVATION_PRICE,RESERVATION_USAGE_START_TIME,RESERVATION_USAGE_TIME,RESERVATION_USAGE_END_TIME,RESERVATION_USAGE_START_DATE,RESERVATION_STATUS) values ('049857','wer4@daum.net','BN2',4,12,20000,18,2,20,to_date('20/10/09','RR/MM/DD'),'Y');
Insert into GB.RESERVATION (RESERVATION_CODE,RESERVATION_EMAIL,RESERVATION_BRANCH_NUM,RESERVATION_STADIUM_NUM,RESERVATION_NUM,RESERVATION_PRICE,RESERVATION_USAGE_START_TIME,RESERVATION_USAGE_TIME,RESERVATION_USAGE_END_TIME,RESERVATION_USAGE_START_DATE,RESERVATION_STATUS) values ('684372','wow2@daum.net','퓨처니스타',28,60,20000,17,2,19,to_date('20/09/15','RR/MM/DD'),'Y');
Insert into GB.RESERVATION (RESERVATION_CODE,RESERVATION_EMAIL,RESERVATION_BRANCH_NUM,RESERVATION_STADIUM_NUM,RESERVATION_NUM,RESERVATION_PRICE,RESERVATION_USAGE_START_TIME,RESERVATION_USAGE_TIME,RESERVATION_USAGE_END_TIME,RESERVATION_USAGE_START_DATE,RESERVATION_STATUS) values ('048387','wow3@daum.net','퓨처니스타',28,61,20000,20,2,22,to_date('20/09/15','RR/MM/DD'),'Y');
Insert into GB.RESERVATION (RESERVATION_CODE,RESERVATION_EMAIL,RESERVATION_BRANCH_NUM,RESERVATION_STADIUM_NUM,RESERVATION_NUM,RESERVATION_PRICE,RESERVATION_USAGE_START_TIME,RESERVATION_USAGE_TIME,RESERVATION_USAGE_END_TIME,RESERVATION_USAGE_START_DATE,RESERVATION_STATUS) values ('798478','wow4@daum.net','퓨처니스타',28,62,20000,15,2,17,to_date('20/09/17','RR/MM/DD'),'Y');
Insert into GB.RESERVATION (RESERVATION_CODE,RESERVATION_EMAIL,RESERVATION_BRANCH_NUM,RESERVATION_STADIUM_NUM,RESERVATION_NUM,RESERVATION_PRICE,RESERVATION_USAGE_START_TIME,RESERVATION_USAGE_TIME,RESERVATION_USAGE_END_TIME,RESERVATION_USAGE_START_DATE,RESERVATION_STATUS) values ('293841','wow5@daum.net','퓨처니스타',29,63,20000,10,2,12,to_date('20/09/17','RR/MM/DD'),'Y');
Insert into GB.RESERVATION (RESERVATION_CODE,RESERVATION_EMAIL,RESERVATION_BRANCH_NUM,RESERVATION_STADIUM_NUM,RESERVATION_NUM,RESERVATION_PRICE,RESERVATION_USAGE_START_TIME,RESERVATION_USAGE_TIME,RESERVATION_USAGE_END_TIME,RESERVATION_USAGE_START_DATE,RESERVATION_STATUS) values ('999676','wow6@daum.net','퓨처니스타',29,64,20000,13,2,15,to_date('20/09/17','RR/MM/DD'),'Y');
Insert into GB.RESERVATION (RESERVATION_CODE,RESERVATION_EMAIL,RESERVATION_BRANCH_NUM,RESERVATION_STADIUM_NUM,RESERVATION_NUM,RESERVATION_PRICE,RESERVATION_USAGE_START_TIME,RESERVATION_USAGE_TIME,RESERVATION_USAGE_END_TIME,RESERVATION_USAGE_START_DATE,RESERVATION_STATUS) values ('384855','wow7@daum.net','퓨처니스타',29,65,30000,16,3,19,to_date('20/09/18','RR/MM/DD'),'Y');
Insert into GB.RESERVATION (RESERVATION_CODE,RESERVATION_EMAIL,RESERVATION_BRANCH_NUM,RESERVATION_STADIUM_NUM,RESERVATION_NUM,RESERVATION_PRICE,RESERVATION_USAGE_START_TIME,RESERVATION_USAGE_TIME,RESERVATION_USAGE_END_TIME,RESERVATION_USAGE_START_DATE,RESERVATION_STATUS) values ('348334','wow8@daum.net','퓨처니스타',30,66,20000,20,2,22,to_date('20/09/18','RR/MM/DD'),'Y');
Insert into GB.RESERVATION (RESERVATION_CODE,RESERVATION_EMAIL,RESERVATION_BRANCH_NUM,RESERVATION_STADIUM_NUM,RESERVATION_NUM,RESERVATION_PRICE,RESERVATION_USAGE_START_TIME,RESERVATION_USAGE_TIME,RESERVATION_USAGE_END_TIME,RESERVATION_USAGE_START_DATE,RESERVATION_STATUS) values ('694935','wow1@daum.net','주사랑FC',31,67,20000,8,2,10,to_date('20/09/14','RR/MM/DD'),'Y');
Insert into GB.RESERVATION (RESERVATION_CODE,RESERVATION_EMAIL,RESERVATION_BRANCH_NUM,RESERVATION_STADIUM_NUM,RESERVATION_NUM,RESERVATION_PRICE,RESERVATION_USAGE_START_TIME,RESERVATION_USAGE_TIME,RESERVATION_USAGE_END_TIME,RESERVATION_USAGE_START_DATE,RESERVATION_STATUS) values ('895875','wow2@daum.net','주사랑FC',31,68,20000,12,2,14,to_date('20/09/14','RR/MM/DD'),'Y');
Insert into GB.RESERVATION (RESERVATION_CODE,RESERVATION_EMAIL,RESERVATION_BRANCH_NUM,RESERVATION_STADIUM_NUM,RESERVATION_NUM,RESERVATION_PRICE,RESERVATION_USAGE_START_TIME,RESERVATION_USAGE_TIME,RESERVATION_USAGE_END_TIME,RESERVATION_USAGE_START_DATE,RESERVATION_STATUS) values ('989744','wow3@daum.net','주사랑FC',31,69,20000,19,2,21,to_date('20/09/15','RR/MM/DD'),'Y');
Insert into GB.RESERVATION (RESERVATION_CODE,RESERVATION_EMAIL,RESERVATION_BRANCH_NUM,RESERVATION_STADIUM_NUM,RESERVATION_NUM,RESERVATION_PRICE,RESERVATION_USAGE_START_TIME,RESERVATION_USAGE_TIME,RESERVATION_USAGE_END_TIME,RESERVATION_USAGE_START_DATE,RESERVATION_STATUS) values ('283834','wow4@daum.net','주사랑FC',31,70,20000,15,2,17,to_date('20/09/16','RR/MM/DD'),'Y');
Insert into GB.RESERVATION (RESERVATION_CODE,RESERVATION_EMAIL,RESERVATION_BRANCH_NUM,RESERVATION_STADIUM_NUM,RESERVATION_NUM,RESERVATION_PRICE,RESERVATION_USAGE_START_TIME,RESERVATION_USAGE_TIME,RESERVATION_USAGE_END_TIME,RESERVATION_USAGE_START_DATE,RESERVATION_STATUS) values ('694874','wow5@daum.net','주사랑FC',32,71,30000,11,3,14,to_date('20/09/16','RR/MM/DD'),'Y');
Insert into GB.RESERVATION (RESERVATION_CODE,RESERVATION_EMAIL,RESERVATION_BRANCH_NUM,RESERVATION_STADIUM_NUM,RESERVATION_NUM,RESERVATION_PRICE,RESERVATION_USAGE_START_TIME,RESERVATION_USAGE_TIME,RESERVATION_USAGE_END_TIME,RESERVATION_USAGE_START_DATE,RESERVATION_STATUS) values ('172632','wow6@daum.net','주사랑FC',32,72,20000,16,2,18,to_date('20/09/17','RR/MM/DD'),'Y');
Insert into GB.RESERVATION (RESERVATION_CODE,RESERVATION_EMAIL,RESERVATION_BRANCH_NUM,RESERVATION_STADIUM_NUM,RESERVATION_NUM,RESERVATION_PRICE,RESERVATION_USAGE_START_TIME,RESERVATION_USAGE_TIME,RESERVATION_USAGE_END_TIME,RESERVATION_USAGE_START_DATE,RESERVATION_STATUS) values ('486372','wow7@daum.net','주사랑FC',33,73,20000,12,2,14,to_date('20/09/17','RR/MM/DD'),'Y');
Insert into GB.RESERVATION (RESERVATION_CODE,RESERVATION_EMAIL,RESERVATION_BRANCH_NUM,RESERVATION_STADIUM_NUM,RESERVATION_NUM,RESERVATION_PRICE,RESERVATION_USAGE_START_TIME,RESERVATION_USAGE_TIME,RESERVATION_USAGE_END_TIME,RESERVATION_USAGE_START_DATE,RESERVATION_STATUS) values ('429292','wow8@daum.net','주사랑FC',33,74,20000,17,2,19,to_date('20/09/17','RR/MM/DD'),'Y');
Insert into GB.RESERVATION (RESERVATION_CODE,RESERVATION_EMAIL,RESERVATION_BRANCH_NUM,RESERVATION_STADIUM_NUM,RESERVATION_NUM,RESERVATION_PRICE,RESERVATION_USAGE_START_TIME,RESERVATION_USAGE_TIME,RESERVATION_USAGE_END_TIME,RESERVATION_USAGE_START_DATE,RESERVATION_STATUS) values ('748473','wow1@daum.net','다산',34,75,20000,13,2,15,to_date('20/09/15','RR/MM/DD'),'Y');
Insert into GB.RESERVATION (RESERVATION_CODE,RESERVATION_EMAIL,RESERVATION_BRANCH_NUM,RESERVATION_STADIUM_NUM,RESERVATION_NUM,RESERVATION_PRICE,RESERVATION_USAGE_START_TIME,RESERVATION_USAGE_TIME,RESERVATION_USAGE_END_TIME,RESERVATION_USAGE_START_DATE,RESERVATION_STATUS) values ('768485','wow2@daum.net','다산',34,76,20000,16,2,18,to_date('20/09/15','RR/MM/DD'),'Y');
Insert into GB.RESERVATION (RESERVATION_CODE,RESERVATION_EMAIL,RESERVATION_BRANCH_NUM,RESERVATION_STADIUM_NUM,RESERVATION_NUM,RESERVATION_PRICE,RESERVATION_USAGE_START_TIME,RESERVATION_USAGE_TIME,RESERVATION_USAGE_END_TIME,RESERVATION_USAGE_START_DATE,RESERVATION_STATUS) values ('127374','wow3@daum.net','다산',34,77,20000,14,2,16,to_date('20/09/16','RR/MM/DD'),'Y');
Insert into GB.RESERVATION (RESERVATION_CODE,RESERVATION_EMAIL,RESERVATION_BRANCH_NUM,RESERVATION_STADIUM_NUM,RESERVATION_NUM,RESERVATION_PRICE,RESERVATION_USAGE_START_TIME,RESERVATION_USAGE_TIME,RESERVATION_USAGE_END_TIME,RESERVATION_USAGE_START_DATE,RESERVATION_STATUS) values ('979859','wow4@daum.net','다산',34,78,20000,18,2,20,to_date('20/09/16','RR/MM/DD'),'Y');
Insert into GB.RESERVATION (RESERVATION_CODE,RESERVATION_EMAIL,RESERVATION_BRANCH_NUM,RESERVATION_STADIUM_NUM,RESERVATION_NUM,RESERVATION_PRICE,RESERVATION_USAGE_START_TIME,RESERVATION_USAGE_TIME,RESERVATION_USAGE_END_TIME,RESERVATION_USAGE_START_DATE,RESERVATION_STATUS) values ('748864','wow5@daum.net','다산',35,79,20000,13,2,15,to_date('20/09/14','RR/MM/DD'),'N');
Insert into GB.RESERVATION (RESERVATION_CODE,RESERVATION_EMAIL,RESERVATION_BRANCH_NUM,RESERVATION_STADIUM_NUM,RESERVATION_NUM,RESERVATION_PRICE,RESERVATION_USAGE_START_TIME,RESERVATION_USAGE_TIME,RESERVATION_USAGE_END_TIME,RESERVATION_USAGE_START_DATE,RESERVATION_STATUS) values ('712837','wow6@daum.net','다산',35,80,20000,16,2,18,to_date('20/09/16','RR/MM/DD'),'Y');
Insert into GB.RESERVATION (RESERVATION_CODE,RESERVATION_EMAIL,RESERVATION_BRANCH_NUM,RESERVATION_STADIUM_NUM,RESERVATION_NUM,RESERVATION_PRICE,RESERVATION_USAGE_START_TIME,RESERVATION_USAGE_TIME,RESERVATION_USAGE_END_TIME,RESERVATION_USAGE_START_DATE,RESERVATION_STATUS) values ('684933','wow7@daum.net','다산',35,81,20000,13,2,15,to_date('20/09/17','RR/MM/DD'),'Y');
Insert into GB.RESERVATION (RESERVATION_CODE,RESERVATION_EMAIL,RESERVATION_BRANCH_NUM,RESERVATION_STADIUM_NUM,RESERVATION_NUM,RESERVATION_PRICE,RESERVATION_USAGE_START_TIME,RESERVATION_USAGE_TIME,RESERVATION_USAGE_END_TIME,RESERVATION_USAGE_START_DATE,RESERVATION_STATUS) values ('664832','wow8@daum.net','다산',35,82,20000,17,2,19,to_date('20/09/18','RR/MM/DD'),'Y');
Insert into GB.RESERVATION (RESERVATION_CODE,RESERVATION_EMAIL,RESERVATION_BRANCH_NUM,RESERVATION_STADIUM_NUM,RESERVATION_NUM,RESERVATION_PRICE,RESERVATION_USAGE_START_TIME,RESERVATION_USAGE_TIME,RESERVATION_USAGE_END_TIME,RESERVATION_USAGE_START_DATE,RESERVATION_STATUS) values ('493871','wow1@daum.net','KSU',36,83,20000,10,2,12,to_date('20/09/15','RR/MM/DD'),'Y');
Insert into GB.RESERVATION (RESERVATION_CODE,RESERVATION_EMAIL,RESERVATION_BRANCH_NUM,RESERVATION_STADIUM_NUM,RESERVATION_NUM,RESERVATION_PRICE,RESERVATION_USAGE_START_TIME,RESERVATION_USAGE_TIME,RESERVATION_USAGE_END_TIME,RESERVATION_USAGE_START_DATE,RESERVATION_STATUS) values ('492783','wow2@daum.net','KSU',36,84,20000,17,2,19,to_date('20/09/15','RR/MM/DD'),'Y');
Insert into GB.RESERVATION (RESERVATION_CODE,RESERVATION_EMAIL,RESERVATION_BRANCH_NUM,RESERVATION_STADIUM_NUM,RESERVATION_NUM,RESERVATION_PRICE,RESERVATION_USAGE_START_TIME,RESERVATION_USAGE_TIME,RESERVATION_USAGE_END_TIME,RESERVATION_USAGE_START_DATE,RESERVATION_STATUS) values ('173663','wow3@daum.net','KSU',36,85,20000,14,2,16,to_date('20/09/16','RR/MM/DD'),'Y');
Insert into GB.RESERVATION (RESERVATION_CODE,RESERVATION_EMAIL,RESERVATION_BRANCH_NUM,RESERVATION_STADIUM_NUM,RESERVATION_NUM,RESERVATION_PRICE,RESERVATION_USAGE_START_TIME,RESERVATION_USAGE_TIME,RESERVATION_USAGE_END_TIME,RESERVATION_USAGE_START_DATE,RESERVATION_STATUS) values ('675476','wow4@daum.net','KSU',36,86,10000,18,1,19,to_date('20/09/16','RR/MM/DD'),'Y');
Insert into GB.RESERVATION (RESERVATION_CODE,RESERVATION_EMAIL,RESERVATION_BRANCH_NUM,RESERVATION_STADIUM_NUM,RESERVATION_NUM,RESERVATION_PRICE,RESERVATION_USAGE_START_TIME,RESERVATION_USAGE_TIME,RESERVATION_USAGE_END_TIME,RESERVATION_USAGE_START_DATE,RESERVATION_STATUS) values ('581734','wow5@daum.net','KSU',36,87,10000,19,1,20,to_date('20/09/18','RR/MM/DD'),'Y');
Insert into GB.RESERVATION (RESERVATION_CODE,RESERVATION_EMAIL,RESERVATION_BRANCH_NUM,RESERVATION_STADIUM_NUM,RESERVATION_NUM,RESERVATION_PRICE,RESERVATION_USAGE_START_TIME,RESERVATION_USAGE_TIME,RESERVATION_USAGE_END_TIME,RESERVATION_USAGE_START_DATE,RESERVATION_STATUS) values ('656565','wow1@daum.net','루다',39,88,20000,10,2,12,to_date('20/09/14','RR/MM/DD'),'Y');
Insert into GB.RESERVATION (RESERVATION_CODE,RESERVATION_EMAIL,RESERVATION_BRANCH_NUM,RESERVATION_STADIUM_NUM,RESERVATION_NUM,RESERVATION_PRICE,RESERVATION_USAGE_START_TIME,RESERVATION_USAGE_TIME,RESERVATION_USAGE_END_TIME,RESERVATION_USAGE_START_DATE,RESERVATION_STATUS) values ('489375','wow2@daum.net','루다',39,89,20000,16,2,18,to_date('20/09/15','RR/MM/DD'),'Y');
Insert into GB.RESERVATION (RESERVATION_CODE,RESERVATION_EMAIL,RESERVATION_BRANCH_NUM,RESERVATION_STADIUM_NUM,RESERVATION_NUM,RESERVATION_PRICE,RESERVATION_USAGE_START_TIME,RESERVATION_USAGE_TIME,RESERVATION_USAGE_END_TIME,RESERVATION_USAGE_START_DATE,RESERVATION_STATUS) values ('192834','wow3@daum.net','루다',40,90,20000,17,2,19,to_date('20/09/15','RR/MM/DD'),'Y');
Insert into GB.RESERVATION (RESERVATION_CODE,RESERVATION_EMAIL,RESERVATION_BRANCH_NUM,RESERVATION_STADIUM_NUM,RESERVATION_NUM,RESERVATION_PRICE,RESERVATION_USAGE_START_TIME,RESERVATION_USAGE_TIME,RESERVATION_USAGE_END_TIME,RESERVATION_USAGE_START_DATE,RESERVATION_STATUS) values ('694838','wow4@daum.net','루다',40,91,20000,11,2,13,to_date('20/09/17','RR/MM/DD'),'Y');
Insert into GB.RESERVATION (RESERVATION_CODE,RESERVATION_EMAIL,RESERVATION_BRANCH_NUM,RESERVATION_STADIUM_NUM,RESERVATION_NUM,RESERVATION_PRICE,RESERVATION_USAGE_START_TIME,RESERVATION_USAGE_TIME,RESERVATION_USAGE_END_TIME,RESERVATION_USAGE_START_DATE,RESERVATION_STATUS) values ('400234','wow5@daum.net','루다',40,92,20000,15,2,17,to_date('20/09/17','RR/MM/DD'),'Y');
Insert into GB.RESERVATION (RESERVATION_CODE,RESERVATION_EMAIL,RESERVATION_BRANCH_NUM,RESERVATION_STADIUM_NUM,RESERVATION_NUM,RESERVATION_PRICE,RESERVATION_USAGE_START_TIME,RESERVATION_USAGE_TIME,RESERVATION_USAGE_END_TIME,RESERVATION_USAGE_START_DATE,RESERVATION_STATUS) values ('994004','wow6@daum.net','루다',40,93,10000,18,1,19,to_date('20/09/17','RR/MM/DD'),'Y');
Insert into GB.RESERVATION (RESERVATION_CODE,RESERVATION_EMAIL,RESERVATION_BRANCH_NUM,RESERVATION_STADIUM_NUM,RESERVATION_NUM,RESERVATION_PRICE,RESERVATION_USAGE_START_TIME,RESERVATION_USAGE_TIME,RESERVATION_USAGE_END_TIME,RESERVATION_USAGE_START_DATE,RESERVATION_STATUS) values ('232395','wow7@daum.net','루다',40,94,10000,16,1,17,to_date('20/09/18','RR/MM/DD'),'Y');
Insert into GB.RESERVATION (RESERVATION_CODE,RESERVATION_EMAIL,RESERVATION_BRANCH_NUM,RESERVATION_STADIUM_NUM,RESERVATION_NUM,RESERVATION_PRICE,RESERVATION_USAGE_START_TIME,RESERVATION_USAGE_TIME,RESERVATION_USAGE_END_TIME,RESERVATION_USAGE_START_DATE,RESERVATION_STATUS) values ('767854','wow8@daum.net','루다',40,95,20000,18,2,20,to_date('20/09/18','RR/MM/DD'),'Y');
Insert into GB.RESERVATION (RESERVATION_CODE,RESERVATION_EMAIL,RESERVATION_BRANCH_NUM,RESERVATION_STADIUM_NUM,RESERVATION_NUM,RESERVATION_PRICE,RESERVATION_USAGE_START_TIME,RESERVATION_USAGE_TIME,RESERVATION_USAGE_END_TIME,RESERVATION_USAGE_START_DATE,RESERVATION_STATUS) values ('549958','wow1@daum.net','상암',43,96,10000,12,1,13,to_date('20/09/14','RR/MM/DD'),'Y');
Insert into GB.RESERVATION (RESERVATION_CODE,RESERVATION_EMAIL,RESERVATION_BRANCH_NUM,RESERVATION_STADIUM_NUM,RESERVATION_NUM,RESERVATION_PRICE,RESERVATION_USAGE_START_TIME,RESERVATION_USAGE_TIME,RESERVATION_USAGE_END_TIME,RESERVATION_USAGE_START_DATE,RESERVATION_STATUS) values ('119283','wow2@daum.net','상암',43,97,20000,15,2,17,to_date('20/09/16','RR/MM/DD'),'Y');
Insert into GB.RESERVATION (RESERVATION_CODE,RESERVATION_EMAIL,RESERVATION_BRANCH_NUM,RESERVATION_STADIUM_NUM,RESERVATION_NUM,RESERVATION_PRICE,RESERVATION_USAGE_START_TIME,RESERVATION_USAGE_TIME,RESERVATION_USAGE_END_TIME,RESERVATION_USAGE_START_DATE,RESERVATION_STATUS) values ('191943','wow3@daum.net','상암',43,98,10000,20,1,21,to_date('20/09/16','RR/MM/DD'),'Y');
Insert into GB.RESERVATION (RESERVATION_CODE,RESERVATION_EMAIL,RESERVATION_BRANCH_NUM,RESERVATION_STADIUM_NUM,RESERVATION_NUM,RESERVATION_PRICE,RESERVATION_USAGE_START_TIME,RESERVATION_USAGE_TIME,RESERVATION_USAGE_END_TIME,RESERVATION_USAGE_START_DATE,RESERVATION_STATUS) values ('484215','wow4@daum.net','상암',45,99,30000,12,3,15,to_date('20/09/16','RR/MM/DD'),'Y');
Insert into GB.RESERVATION (RESERVATION_CODE,RESERVATION_EMAIL,RESERVATION_BRANCH_NUM,RESERVATION_STADIUM_NUM,RESERVATION_NUM,RESERVATION_PRICE,RESERVATION_USAGE_START_TIME,RESERVATION_USAGE_TIME,RESERVATION_USAGE_END_TIME,RESERVATION_USAGE_START_DATE,RESERVATION_STATUS) values ('791285','wow5@daum.net','상암',45,100,20000,16,2,18,to_date('20/09/16','RR/MM/DD'),'Y');
Insert into GB.RESERVATION (RESERVATION_CODE,RESERVATION_EMAIL,RESERVATION_BRANCH_NUM,RESERVATION_STADIUM_NUM,RESERVATION_NUM,RESERVATION_PRICE,RESERVATION_USAGE_START_TIME,RESERVATION_USAGE_TIME,RESERVATION_USAGE_END_TIME,RESERVATION_USAGE_START_DATE,RESERVATION_STATUS) values ('698733','wow6@daum.net','상암',46,101,20000,12,2,14,to_date('20/09/14','RR/MM/DD'),'Y');
Insert into GB.RESERVATION (RESERVATION_CODE,RESERVATION_EMAIL,RESERVATION_BRANCH_NUM,RESERVATION_STADIUM_NUM,RESERVATION_NUM,RESERVATION_PRICE,RESERVATION_USAGE_START_TIME,RESERVATION_USAGE_TIME,RESERVATION_USAGE_END_TIME,RESERVATION_USAGE_START_DATE,RESERVATION_STATUS) values ('192742','wow7@daum.net','상암',46,102,20000,18,2,20,to_date('20/09/16','RR/MM/DD'),'Y');
Insert into GB.RESERVATION (RESERVATION_CODE,RESERVATION_EMAIL,RESERVATION_BRANCH_NUM,RESERVATION_STADIUM_NUM,RESERVATION_NUM,RESERVATION_PRICE,RESERVATION_USAGE_START_TIME,RESERVATION_USAGE_TIME,RESERVATION_USAGE_END_TIME,RESERVATION_USAGE_START_DATE,RESERVATION_STATUS) values ('689843','wow8@daum.net','상암',46,103,10000,15,1,16,to_date('20/09/17','RR/MM/DD'),'Y');
Insert into GB.RESERVATION (RESERVATION_CODE,RESERVATION_EMAIL,RESERVATION_BRANCH_NUM,RESERVATION_STADIUM_NUM,RESERVATION_NUM,RESERVATION_PRICE,RESERVATION_USAGE_START_TIME,RESERVATION_USAGE_TIME,RESERVATION_USAGE_END_TIME,RESERVATION_USAGE_START_DATE,RESERVATION_STATUS) values ('947130','werty1212@daum.net','상암',45,104,40000,15,4,19,to_date('20/09/17','RR/MM/DD'),'Y');
REM INSERTING into GB.REVIEW
SET DEFINE OFF;
Insert into GB.REVIEW (REVIEW_NUM,REVIEW_EMAIL,REVIEW_BRANCH_NUM,REVIEW_CONTENT,REVIEW_POINT,REVIEW_DATE,REVIEW_DELETE_STATUS) values (1,'werty45@daum.net','BN1','여기좋습니다',4,'2020-09-07 13:23:31','N');
Insert into GB.REVIEW (REVIEW_NUM,REVIEW_EMAIL,REVIEW_BRANCH_NUM,REVIEW_CONTENT,REVIEW_POINT,REVIEW_DATE,REVIEW_DELETE_STATUS) values (2,'werty23@daum.net','BN1','여기좋습니다',4,'2020-09-07 13:23:31','N');
Insert into GB.REVIEW (REVIEW_NUM,REVIEW_EMAIL,REVIEW_BRANCH_NUM,REVIEW_CONTENT,REVIEW_POINT,REVIEW_DATE,REVIEW_DELETE_STATUS) values (3,'wer1@daum.net','BN1','아주좋습니다',5,'2020-09-07 13:23:31','N');
Insert into GB.REVIEW (REVIEW_NUM,REVIEW_EMAIL,REVIEW_BRANCH_NUM,REVIEW_CONTENT,REVIEW_POINT,REVIEW_DATE,REVIEW_DELETE_STATUS) values (4,'werty45@daum.net','BN1','별로~',1,'2020-09-07 13:20:31','N');
Insert into GB.REVIEW (REVIEW_NUM,REVIEW_EMAIL,REVIEW_BRANCH_NUM,REVIEW_CONTENT,REVIEW_POINT,REVIEW_DATE,REVIEW_DELETE_STATUS) values (5,'wer1@daum.net','BN1','그냥그럼',2,'2020-09-07 13:15:31','N');
Insert into GB.REVIEW (REVIEW_NUM,REVIEW_EMAIL,REVIEW_BRANCH_NUM,REVIEW_CONTENT,REVIEW_POINT,REVIEW_DATE,REVIEW_DELETE_STATUS) values (6,'wer2@daum.net','BN1','보통',3,'2020-09-07 13:23:31','N');
Insert into GB.REVIEW (REVIEW_NUM,REVIEW_EMAIL,REVIEW_BRANCH_NUM,REVIEW_CONTENT,REVIEW_POINT,REVIEW_DATE,REVIEW_DELETE_STATUS) values (7,'wer1@daum.net','BN1','보통',3,'2020-09-07 13:23:31','N');
Insert into GB.REVIEW (REVIEW_NUM,REVIEW_EMAIL,REVIEW_BRANCH_NUM,REVIEW_CONTENT,REVIEW_POINT,REVIEW_DATE,REVIEW_DELETE_STATUS) values (8,'wer3@daum.net','BN1','보통',3,'2020-09-07 13:11:31','N');
Insert into GB.REVIEW (REVIEW_NUM,REVIEW_EMAIL,REVIEW_BRANCH_NUM,REVIEW_CONTENT,REVIEW_POINT,REVIEW_DATE,REVIEW_DELETE_STATUS) values (9,'wer4@daum.net','BN1','아주좋습니다',5,'2020-09-07 14:23:31','N');
Insert into GB.REVIEW (REVIEW_NUM,REVIEW_EMAIL,REVIEW_BRANCH_NUM,REVIEW_CONTENT,REVIEW_POINT,REVIEW_DATE,REVIEW_DELETE_STATUS) values (10,'wer3@daum.net','BN1','보통',3,'2020-09-07 13:55:31','N');
Insert into GB.REVIEW (REVIEW_NUM,REVIEW_EMAIL,REVIEW_BRANCH_NUM,REVIEW_CONTENT,REVIEW_POINT,REVIEW_DATE,REVIEW_DELETE_STATUS) values (11,'wer4@daum.net','BN1','그냥그럼',2,'2020-09-07 16:54:31','N');
Insert into GB.REVIEW (REVIEW_NUM,REVIEW_EMAIL,REVIEW_BRANCH_NUM,REVIEW_CONTENT,REVIEW_POINT,REVIEW_DATE,REVIEW_DELETE_STATUS) values (12,'wer3@daum.net','BN1','보통',3,'2020-09-07 13:23:31','N');
Insert into GB.REVIEW (REVIEW_NUM,REVIEW_EMAIL,REVIEW_BRANCH_NUM,REVIEW_CONTENT,REVIEW_POINT,REVIEW_DATE,REVIEW_DELETE_STATUS) values (13,'wow1@daum.net','퓨처니스타','여기좋습니다',4,'20-09-07 13:23:31','N');
Insert into GB.REVIEW (REVIEW_NUM,REVIEW_EMAIL,REVIEW_BRANCH_NUM,REVIEW_CONTENT,REVIEW_POINT,REVIEW_DATE,REVIEW_DELETE_STATUS) values (14,'wow2@daum.net','퓨처니스타','여기좋습니다',4,'20-09-07 13:23:31','N');
Insert into GB.REVIEW (REVIEW_NUM,REVIEW_EMAIL,REVIEW_BRANCH_NUM,REVIEW_CONTENT,REVIEW_POINT,REVIEW_DATE,REVIEW_DELETE_STATUS) values (15,'wow3@daum.net','퓨처니스타','아주좋습니다',5,'20-09-07 13:23:31','N');
Insert into GB.REVIEW (REVIEW_NUM,REVIEW_EMAIL,REVIEW_BRANCH_NUM,REVIEW_CONTENT,REVIEW_POINT,REVIEW_DATE,REVIEW_DELETE_STATUS) values (16,'wow4@daum.net','퓨처니스타','별로~',1,'20-09-07 13:20:31','N');
Insert into GB.REVIEW (REVIEW_NUM,REVIEW_EMAIL,REVIEW_BRANCH_NUM,REVIEW_CONTENT,REVIEW_POINT,REVIEW_DATE,REVIEW_DELETE_STATUS) values (17,'wow5@daum.net','퓨처니스타','그냥그럼',2,'20-09-07 13:15:31','N');
Insert into GB.REVIEW (REVIEW_NUM,REVIEW_EMAIL,REVIEW_BRANCH_NUM,REVIEW_CONTENT,REVIEW_POINT,REVIEW_DATE,REVIEW_DELETE_STATUS) values (18,'wow6@daum.net','퓨처니스타','보통',3,'20-09-07 13:23:31','N');
Insert into GB.REVIEW (REVIEW_NUM,REVIEW_EMAIL,REVIEW_BRANCH_NUM,REVIEW_CONTENT,REVIEW_POINT,REVIEW_DATE,REVIEW_DELETE_STATUS) values (19,'wow7@daum.net','퓨처니스타','보통',3,'20-09-07 13:23:31','N');
Insert into GB.REVIEW (REVIEW_NUM,REVIEW_EMAIL,REVIEW_BRANCH_NUM,REVIEW_CONTENT,REVIEW_POINT,REVIEW_DATE,REVIEW_DELETE_STATUS) values (20,'wow8@daum.net','퓨처니스타','보통',3,'20-09-07 13:11:31','N');
Insert into GB.REVIEW (REVIEW_NUM,REVIEW_EMAIL,REVIEW_BRANCH_NUM,REVIEW_CONTENT,REVIEW_POINT,REVIEW_DATE,REVIEW_DELETE_STATUS) values (21,'wow6@daum.net','주사랑FC','보통',3,'20-09-07 13:23:31','N');
Insert into GB.REVIEW (REVIEW_NUM,REVIEW_EMAIL,REVIEW_BRANCH_NUM,REVIEW_CONTENT,REVIEW_POINT,REVIEW_DATE,REVIEW_DELETE_STATUS) values (22,'wow7@daum.net','주사랑FC','보통',3,'20-09-07 13:23:31','N');
Insert into GB.REVIEW (REVIEW_NUM,REVIEW_EMAIL,REVIEW_BRANCH_NUM,REVIEW_CONTENT,REVIEW_POINT,REVIEW_DATE,REVIEW_DELETE_STATUS) values (23,'wow1@daum.net','주사랑FC','여기좋습니다',4,'20-09-07 13:23:31','N');
Insert into GB.REVIEW (REVIEW_NUM,REVIEW_EMAIL,REVIEW_BRANCH_NUM,REVIEW_CONTENT,REVIEW_POINT,REVIEW_DATE,REVIEW_DELETE_STATUS) values (24,'wow2@daum.net','주사랑FC','여기좋습니다',4,'20-09-07 13:23:31','N');
Insert into GB.REVIEW (REVIEW_NUM,REVIEW_EMAIL,REVIEW_BRANCH_NUM,REVIEW_CONTENT,REVIEW_POINT,REVIEW_DATE,REVIEW_DELETE_STATUS) values (25,'wow3@daum.net','주사랑FC','아주좋습니다',5,'20-09-07 13:23:31','N');
Insert into GB.REVIEW (REVIEW_NUM,REVIEW_EMAIL,REVIEW_BRANCH_NUM,REVIEW_CONTENT,REVIEW_POINT,REVIEW_DATE,REVIEW_DELETE_STATUS) values (26,'wow8@daum.net','주사랑FC','보통',3,'20-09-07 13:11:31','N');
Insert into GB.REVIEW (REVIEW_NUM,REVIEW_EMAIL,REVIEW_BRANCH_NUM,REVIEW_CONTENT,REVIEW_POINT,REVIEW_DATE,REVIEW_DELETE_STATUS) values (27,'wow4@daum.net','주사랑FC','별로~',1,'20-09-07 13:20:31','N');
Insert into GB.REVIEW (REVIEW_NUM,REVIEW_EMAIL,REVIEW_BRANCH_NUM,REVIEW_CONTENT,REVIEW_POINT,REVIEW_DATE,REVIEW_DELETE_STATUS) values (28,'wow5@daum.net','주사랑FC','그냥그럼',2,'20-09-07 13:15:31','N');
Insert into GB.REVIEW (REVIEW_NUM,REVIEW_EMAIL,REVIEW_BRANCH_NUM,REVIEW_CONTENT,REVIEW_POINT,REVIEW_DATE,REVIEW_DELETE_STATUS) values (29,'wow1@daum.net','다산','여기좋습니다',4,'20-09-07 13:23:31','N');
Insert into GB.REVIEW (REVIEW_NUM,REVIEW_EMAIL,REVIEW_BRANCH_NUM,REVIEW_CONTENT,REVIEW_POINT,REVIEW_DATE,REVIEW_DELETE_STATUS) values (30,'wow2@daum.net','다산','여기좋습니다',4,'20-09-07 13:23:31','N');
Insert into GB.REVIEW (REVIEW_NUM,REVIEW_EMAIL,REVIEW_BRANCH_NUM,REVIEW_CONTENT,REVIEW_POINT,REVIEW_DATE,REVIEW_DELETE_STATUS) values (31,'wow3@daum.net','다산','아주좋습니다',5,'20-09-07 13:23:31','N');
Insert into GB.REVIEW (REVIEW_NUM,REVIEW_EMAIL,REVIEW_BRANCH_NUM,REVIEW_CONTENT,REVIEW_POINT,REVIEW_DATE,REVIEW_DELETE_STATUS) values (32,'wow4@daum.net','다산','별로~',1,'20-09-07 13:20:31','N');
Insert into GB.REVIEW (REVIEW_NUM,REVIEW_EMAIL,REVIEW_BRANCH_NUM,REVIEW_CONTENT,REVIEW_POINT,REVIEW_DATE,REVIEW_DELETE_STATUS) values (33,'wow5@daum.net','다산','그냥그럼',2,'20-09-07 13:15:31','N');
Insert into GB.REVIEW (REVIEW_NUM,REVIEW_EMAIL,REVIEW_BRANCH_NUM,REVIEW_CONTENT,REVIEW_POINT,REVIEW_DATE,REVIEW_DELETE_STATUS) values (34,'wow6@daum.net','다산','보통',3,'20-09-07 13:23:31','N');
Insert into GB.REVIEW (REVIEW_NUM,REVIEW_EMAIL,REVIEW_BRANCH_NUM,REVIEW_CONTENT,REVIEW_POINT,REVIEW_DATE,REVIEW_DELETE_STATUS) values (35,'wow7@daum.net','다산','보통',3,'20-09-07 13:23:31','N');
Insert into GB.REVIEW (REVIEW_NUM,REVIEW_EMAIL,REVIEW_BRANCH_NUM,REVIEW_CONTENT,REVIEW_POINT,REVIEW_DATE,REVIEW_DELETE_STATUS) values (36,'wow8@daum.net','다산','보통',3,'20-09-07 13:11:31','N');
Insert into GB.REVIEW (REVIEW_NUM,REVIEW_EMAIL,REVIEW_BRANCH_NUM,REVIEW_CONTENT,REVIEW_POINT,REVIEW_DATE,REVIEW_DELETE_STATUS) values (37,'wow1@daum.net','KSU','여기좋습니다',4,'20-09-07 13:23:31','N');
Insert into GB.REVIEW (REVIEW_NUM,REVIEW_EMAIL,REVIEW_BRANCH_NUM,REVIEW_CONTENT,REVIEW_POINT,REVIEW_DATE,REVIEW_DELETE_STATUS) values (38,'wow2@daum.net','KSU','여기좋습니다',4,'20-09-07 13:23:31','N');
Insert into GB.REVIEW (REVIEW_NUM,REVIEW_EMAIL,REVIEW_BRANCH_NUM,REVIEW_CONTENT,REVIEW_POINT,REVIEW_DATE,REVIEW_DELETE_STATUS) values (39,'wow3@daum.net','KSU','아주좋습니다',5,'20-09-07 13:23:31','N');
Insert into GB.REVIEW (REVIEW_NUM,REVIEW_EMAIL,REVIEW_BRANCH_NUM,REVIEW_CONTENT,REVIEW_POINT,REVIEW_DATE,REVIEW_DELETE_STATUS) values (40,'wow4@daum.net','KSU','별로~',1,'20-09-07 13:20:31','N');
Insert into GB.REVIEW (REVIEW_NUM,REVIEW_EMAIL,REVIEW_BRANCH_NUM,REVIEW_CONTENT,REVIEW_POINT,REVIEW_DATE,REVIEW_DELETE_STATUS) values (41,'wow5@daum.net','KSU','그냥그럼',2,'20-09-07 13:15:31','N');
Insert into GB.REVIEW (REVIEW_NUM,REVIEW_EMAIL,REVIEW_BRANCH_NUM,REVIEW_CONTENT,REVIEW_POINT,REVIEW_DATE,REVIEW_DELETE_STATUS) values (42,'wow1@daum.net','루다','여기좋습니다',4,'20-09-07 13:23:31','N');
Insert into GB.REVIEW (REVIEW_NUM,REVIEW_EMAIL,REVIEW_BRANCH_NUM,REVIEW_CONTENT,REVIEW_POINT,REVIEW_DATE,REVIEW_DELETE_STATUS) values (43,'wow2@daum.net','루다','여기좋습니다',4,'20-09-07 13:23:31','N');
Insert into GB.REVIEW (REVIEW_NUM,REVIEW_EMAIL,REVIEW_BRANCH_NUM,REVIEW_CONTENT,REVIEW_POINT,REVIEW_DATE,REVIEW_DELETE_STATUS) values (44,'wow3@daum.net','루다','아주좋습니다',5,'20-09-07 13:23:31','N');
Insert into GB.REVIEW (REVIEW_NUM,REVIEW_EMAIL,REVIEW_BRANCH_NUM,REVIEW_CONTENT,REVIEW_POINT,REVIEW_DATE,REVIEW_DELETE_STATUS) values (45,'wow4@daum.net','루다','별로~',1,'20-09-07 13:20:31','N');
Insert into GB.REVIEW (REVIEW_NUM,REVIEW_EMAIL,REVIEW_BRANCH_NUM,REVIEW_CONTENT,REVIEW_POINT,REVIEW_DATE,REVIEW_DELETE_STATUS) values (46,'wow5@daum.net','루다','그냥그럼',2,'20-09-07 13:15:31','N');
Insert into GB.REVIEW (REVIEW_NUM,REVIEW_EMAIL,REVIEW_BRANCH_NUM,REVIEW_CONTENT,REVIEW_POINT,REVIEW_DATE,REVIEW_DELETE_STATUS) values (47,'wow6@daum.net','루다','보통',3,'20-09-07 13:23:31','N');
Insert into GB.REVIEW (REVIEW_NUM,REVIEW_EMAIL,REVIEW_BRANCH_NUM,REVIEW_CONTENT,REVIEW_POINT,REVIEW_DATE,REVIEW_DELETE_STATUS) values (48,'wow7@daum.net','루다','보통',3,'20-09-07 13:23:31','N');
Insert into GB.REVIEW (REVIEW_NUM,REVIEW_EMAIL,REVIEW_BRANCH_NUM,REVIEW_CONTENT,REVIEW_POINT,REVIEW_DATE,REVIEW_DELETE_STATUS) values (49,'wow8@daum.net','루다','보통',3,'20-09-07 13:11:31','N');
Insert into GB.REVIEW (REVIEW_NUM,REVIEW_EMAIL,REVIEW_BRANCH_NUM,REVIEW_CONTENT,REVIEW_POINT,REVIEW_DATE,REVIEW_DELETE_STATUS) values (50,'wow1@daum.net','상암','여기좋습니다',4,'20-09-07 13:23:31','N');
Insert into GB.REVIEW (REVIEW_NUM,REVIEW_EMAIL,REVIEW_BRANCH_NUM,REVIEW_CONTENT,REVIEW_POINT,REVIEW_DATE,REVIEW_DELETE_STATUS) values (51,'wow2@daum.net','상암','여기좋습니다',4,'20-09-07 13:23:31','N');
Insert into GB.REVIEW (REVIEW_NUM,REVIEW_EMAIL,REVIEW_BRANCH_NUM,REVIEW_CONTENT,REVIEW_POINT,REVIEW_DATE,REVIEW_DELETE_STATUS) values (52,'wow3@daum.net','상암','아주좋습니다',5,'20-09-07 13:23:31','N');
Insert into GB.REVIEW (REVIEW_NUM,REVIEW_EMAIL,REVIEW_BRANCH_NUM,REVIEW_CONTENT,REVIEW_POINT,REVIEW_DATE,REVIEW_DELETE_STATUS) values (53,'wow4@daum.net','상암','별로~',1,'20-09-07 13:20:31','N');
Insert into GB.REVIEW (REVIEW_NUM,REVIEW_EMAIL,REVIEW_BRANCH_NUM,REVIEW_CONTENT,REVIEW_POINT,REVIEW_DATE,REVIEW_DELETE_STATUS) values (54,'wow5@daum.net','상암','그냥그럼',2,'20-09-07 13:15:31','N');
Insert into GB.REVIEW (REVIEW_NUM,REVIEW_EMAIL,REVIEW_BRANCH_NUM,REVIEW_CONTENT,REVIEW_POINT,REVIEW_DATE,REVIEW_DELETE_STATUS) values (55,'wow6@daum.net','상암','보통',3,'20-09-07 13:23:31','N');
Insert into GB.REVIEW (REVIEW_NUM,REVIEW_EMAIL,REVIEW_BRANCH_NUM,REVIEW_CONTENT,REVIEW_POINT,REVIEW_DATE,REVIEW_DELETE_STATUS) values (56,'wow7@daum.net','상암','보통',3,'20-09-07 13:23:31','N');
Insert into GB.REVIEW (REVIEW_NUM,REVIEW_EMAIL,REVIEW_BRANCH_NUM,REVIEW_CONTENT,REVIEW_POINT,REVIEW_DATE,REVIEW_DELETE_STATUS) values (57,'wow8@daum.net','상암','보통',3,'20-09-07 13:11:31','N');
REM INSERTING into GB.STADIUM
SET DEFINE OFF;
Insert into GB.STADIUM (STADIUM_NUM,STADIUM_BRANCH_NUM,STADIUM_NAME,STADIUM_MATCH_MEMBER,STADIUM_RESERVATION_START_TIME,STADIUM_RESERVATION_END_TIME,STADIUM_DELETE_STATUS) values (1,'BN1','A구장','5vs5',9,22,'N');
Insert into GB.STADIUM (STADIUM_NUM,STADIUM_BRANCH_NUM,STADIUM_NAME,STADIUM_MATCH_MEMBER,STADIUM_RESERVATION_START_TIME,STADIUM_RESERVATION_END_TIME,STADIUM_DELETE_STATUS) values (2,'BN2','A구장','6vs6',12,22,'N');
Insert into GB.STADIUM (STADIUM_NUM,STADIUM_BRANCH_NUM,STADIUM_NAME,STADIUM_MATCH_MEMBER,STADIUM_RESERVATION_START_TIME,STADIUM_RESERVATION_END_TIME,STADIUM_DELETE_STATUS) values (6,'BN2','D구장','5vs5',9,20,'N');
Insert into GB.STADIUM (STADIUM_NUM,STADIUM_BRANCH_NUM,STADIUM_NAME,STADIUM_MATCH_MEMBER,STADIUM_RESERVATION_START_TIME,STADIUM_RESERVATION_END_TIME,STADIUM_DELETE_STATUS) values (4,'BN1','B구장','4vs4',10,20,'Y');
Insert into GB.STADIUM (STADIUM_NUM,STADIUM_BRANCH_NUM,STADIUM_NAME,STADIUM_MATCH_MEMBER,STADIUM_RESERVATION_START_TIME,STADIUM_RESERVATION_END_TIME,STADIUM_DELETE_STATUS) values (5,'BN2','C구장','3vs3',2,6,'N');
Insert into GB.STADIUM (STADIUM_NUM,STADIUM_BRANCH_NUM,STADIUM_NAME,STADIUM_MATCH_MEMBER,STADIUM_RESERVATION_START_TIME,STADIUM_RESERVATION_END_TIME,STADIUM_DELETE_STATUS) values (7,'BN2','D3 구장','3vs3',6,16,'N');
Insert into GB.STADIUM (STADIUM_NUM,STADIUM_BRANCH_NUM,STADIUM_NAME,STADIUM_MATCH_MEMBER,STADIUM_RESERVATION_START_TIME,STADIUM_RESERVATION_END_TIME,STADIUM_DELETE_STATUS) values (28,'퓨처니스타','A구장','5vs5',12,22,'N');
Insert into GB.STADIUM (STADIUM_NUM,STADIUM_BRANCH_NUM,STADIUM_NAME,STADIUM_MATCH_MEMBER,STADIUM_RESERVATION_START_TIME,STADIUM_RESERVATION_END_TIME,STADIUM_DELETE_STATUS) values (29,'퓨처니스타','B구장','5vs5',9,22,'N');
Insert into GB.STADIUM (STADIUM_NUM,STADIUM_BRANCH_NUM,STADIUM_NAME,STADIUM_MATCH_MEMBER,STADIUM_RESERVATION_START_TIME,STADIUM_RESERVATION_END_TIME,STADIUM_DELETE_STATUS) values (30,'퓨처니스타','C구장','6vs6',10,20,'N');
Insert into GB.STADIUM (STADIUM_NUM,STADIUM_BRANCH_NUM,STADIUM_NAME,STADIUM_MATCH_MEMBER,STADIUM_RESERVATION_START_TIME,STADIUM_RESERVATION_END_TIME,STADIUM_DELETE_STATUS) values (31,'주사랑FC','A구장','4vs4',8,21,'N');
Insert into GB.STADIUM (STADIUM_NUM,STADIUM_BRANCH_NUM,STADIUM_NAME,STADIUM_MATCH_MEMBER,STADIUM_RESERVATION_START_TIME,STADIUM_RESERVATION_END_TIME,STADIUM_DELETE_STATUS) values (32,'주사랑FC','B구장','6vs6',8,21,'N');
Insert into GB.STADIUM (STADIUM_NUM,STADIUM_BRANCH_NUM,STADIUM_NAME,STADIUM_MATCH_MEMBER,STADIUM_RESERVATION_START_TIME,STADIUM_RESERVATION_END_TIME,STADIUM_DELETE_STATUS) values (33,'주사랑FC','C구장','6vs6',11,21,'N');
Insert into GB.STADIUM (STADIUM_NUM,STADIUM_BRANCH_NUM,STADIUM_NAME,STADIUM_MATCH_MEMBER,STADIUM_RESERVATION_START_TIME,STADIUM_RESERVATION_END_TIME,STADIUM_DELETE_STATUS) values (34,'다산','A구장','4vs4',12,20,'N');
Insert into GB.STADIUM (STADIUM_NUM,STADIUM_BRANCH_NUM,STADIUM_NAME,STADIUM_MATCH_MEMBER,STADIUM_RESERVATION_START_TIME,STADIUM_RESERVATION_END_TIME,STADIUM_DELETE_STATUS) values (35,'다산','B구장','7vs7',12,20,'N');
Insert into GB.STADIUM (STADIUM_NUM,STADIUM_BRANCH_NUM,STADIUM_NAME,STADIUM_MATCH_MEMBER,STADIUM_RESERVATION_START_TIME,STADIUM_RESERVATION_END_TIME,STADIUM_DELETE_STATUS) values (36,'KSU','A구장','5vs5',9,20,'N');
Insert into GB.STADIUM (STADIUM_NUM,STADIUM_BRANCH_NUM,STADIUM_NAME,STADIUM_MATCH_MEMBER,STADIUM_RESERVATION_START_TIME,STADIUM_RESERVATION_END_TIME,STADIUM_DELETE_STATUS) values (37,'KSU','B구장','6vs6',9,20,'N');
Insert into GB.STADIUM (STADIUM_NUM,STADIUM_BRANCH_NUM,STADIUM_NAME,STADIUM_MATCH_MEMBER,STADIUM_RESERVATION_START_TIME,STADIUM_RESERVATION_END_TIME,STADIUM_DELETE_STATUS) values (38,'KSU','C구장','6vs6',9,18,'N');
Insert into GB.STADIUM (STADIUM_NUM,STADIUM_BRANCH_NUM,STADIUM_NAME,STADIUM_MATCH_MEMBER,STADIUM_RESERVATION_START_TIME,STADIUM_RESERVATION_END_TIME,STADIUM_DELETE_STATUS) values (39,'루다','A구장','6vs6',10,20,'N');
Insert into GB.STADIUM (STADIUM_NUM,STADIUM_BRANCH_NUM,STADIUM_NAME,STADIUM_MATCH_MEMBER,STADIUM_RESERVATION_START_TIME,STADIUM_RESERVATION_END_TIME,STADIUM_DELETE_STATUS) values (40,'루다','B구장','4vs4',10,20,'N');
Insert into GB.STADIUM (STADIUM_NUM,STADIUM_BRANCH_NUM,STADIUM_NAME,STADIUM_MATCH_MEMBER,STADIUM_RESERVATION_START_TIME,STADIUM_RESERVATION_END_TIME,STADIUM_DELETE_STATUS) values (41,'루다','C구장','6vs6',10,20,'N');
Insert into GB.STADIUM (STADIUM_NUM,STADIUM_BRANCH_NUM,STADIUM_NAME,STADIUM_MATCH_MEMBER,STADIUM_RESERVATION_START_TIME,STADIUM_RESERVATION_END_TIME,STADIUM_DELETE_STATUS) values (42,'루다','D구장','7vs7',10,20,'N');
Insert into GB.STADIUM (STADIUM_NUM,STADIUM_BRANCH_NUM,STADIUM_NAME,STADIUM_MATCH_MEMBER,STADIUM_RESERVATION_START_TIME,STADIUM_RESERVATION_END_TIME,STADIUM_DELETE_STATUS) values (43,'상암','A구장','5vs5',11,21,'N');
Insert into GB.STADIUM (STADIUM_NUM,STADIUM_BRANCH_NUM,STADIUM_NAME,STADIUM_MATCH_MEMBER,STADIUM_RESERVATION_START_TIME,STADIUM_RESERVATION_END_TIME,STADIUM_DELETE_STATUS) values (44,'상암','B구장','6vs6',11,20,'N');
Insert into GB.STADIUM (STADIUM_NUM,STADIUM_BRANCH_NUM,STADIUM_NAME,STADIUM_MATCH_MEMBER,STADIUM_RESERVATION_START_TIME,STADIUM_RESERVATION_END_TIME,STADIUM_DELETE_STATUS) values (45,'상암','C구장','5vs5',11,20,'N');
Insert into GB.STADIUM (STADIUM_NUM,STADIUM_BRANCH_NUM,STADIUM_NAME,STADIUM_MATCH_MEMBER,STADIUM_RESERVATION_START_TIME,STADIUM_RESERVATION_END_TIME,STADIUM_DELETE_STATUS) values (46,'상암','D구장','6vs6',11,22,'N');
Insert into GB.STADIUM (STADIUM_NUM,STADIUM_BRANCH_NUM,STADIUM_NAME,STADIUM_MATCH_MEMBER,STADIUM_RESERVATION_START_TIME,STADIUM_RESERVATION_END_TIME,STADIUM_DELETE_STATUS) values (48,'성동1','C1구장','5vs5',9,21,'N');
Insert into GB.STADIUM (STADIUM_NUM,STADIUM_BRANCH_NUM,STADIUM_NAME,STADIUM_MATCH_MEMBER,STADIUM_RESERVATION_START_TIME,STADIUM_RESERVATION_END_TIME,STADIUM_DELETE_STATUS) values (49,'교대역1','JGD구장','7vs7',7,18,'N');
REM INSERTING into GB.TEAM
SET DEFINE OFF;
Insert into GB.TEAM (TEAM_CODE,TEAM_LEADER,TEAM_NUM,TEAM_NAME,TEAM_GENDER,TEAM_AGE,TEAM_REGION,TEAM_POINT,TEAM_MARK_IMG,TEAM_ACTIVE_LASTDAY,TEAM_DELETE_STATUS) values ('432041','wer1@daum.net',1,'설악산','남녀그룹','20대','강남구',5,'팀마크.png',to_date('20/08/15','RR/MM/DD'),'N');
Insert into GB.TEAM (TEAM_CODE,TEAM_LEADER,TEAM_NUM,TEAM_NAME,TEAM_GENDER,TEAM_AGE,TEAM_REGION,TEAM_POINT,TEAM_MARK_IMG,TEAM_ACTIVE_LASTDAY,TEAM_DELETE_STATUS) values ('432049','wow12@daum.net',16,'FC사도바울','남녀그룹','20대','서울특별시 관악구',5,'팀마크.png',to_date('20/08/15','RR/MM/DD'),'N');
Insert into GB.TEAM (TEAM_CODE,TEAM_LEADER,TEAM_NUM,TEAM_NAME,TEAM_GENDER,TEAM_AGE,TEAM_REGION,TEAM_POINT,TEAM_MARK_IMG,TEAM_ACTIVE_LASTDAY,TEAM_DELETE_STATUS) values ('542042','wer2@daum.net',8,'백두산','남녀그룹','20대','강남구',5,'팀마크2.png',to_date('20/08/15','RR/MM/DD'),'N');
Insert into GB.TEAM (TEAM_CODE,TEAM_LEADER,TEAM_NUM,TEAM_NAME,TEAM_GENDER,TEAM_AGE,TEAM_REGION,TEAM_POINT,TEAM_MARK_IMG,TEAM_ACTIVE_LASTDAY,TEAM_DELETE_STATUS) values ('656543','wer3@daum.net',9,'한라산','남녀그룹','20대','강남구',4,'팀마크3.png',to_date('20/01/15','RR/MM/DD'),'Y');
Insert into GB.TEAM (TEAM_CODE,TEAM_LEADER,TEAM_NUM,TEAM_NAME,TEAM_GENDER,TEAM_AGE,TEAM_REGION,TEAM_POINT,TEAM_MARK_IMG,TEAM_ACTIVE_LASTDAY,TEAM_DELETE_STATUS) values ('046768','wer4@daum.net',10,'지리산','남자그룹','10대','서초구',5,'팀마크4.png',to_date('20/08/15','RR/MM/DD'),'N');
Insert into GB.TEAM (TEAM_CODE,TEAM_LEADER,TEAM_NUM,TEAM_NAME,TEAM_GENDER,TEAM_AGE,TEAM_REGION,TEAM_POINT,TEAM_MARK_IMG,TEAM_ACTIVE_LASTDAY,TEAM_DELETE_STATUS) values ('745644','werty23@daum.net',11,'태백산','남자그룹','20대','서초구',5,'팀마크5.png',to_date('20/08/15','RR/MM/DD'),'N');
Insert into GB.TEAM (TEAM_CODE,TEAM_LEADER,TEAM_NUM,TEAM_NAME,TEAM_GENDER,TEAM_AGE,TEAM_REGION,TEAM_POINT,TEAM_MARK_IMG,TEAM_ACTIVE_LASTDAY,TEAM_DELETE_STATUS) values ('021394','ek12mv21@gmail.com',15,'한강살자','여자그룹','20대','서울특별시 성동구',0,'dolphine.jpg',to_date('20/09/04','RR/MM/DD'),'Y');
Insert into GB.TEAM (TEAM_CODE,TEAM_LEADER,TEAM_NUM,TEAM_NAME,TEAM_GENDER,TEAM_AGE,TEAM_REGION,TEAM_POINT,TEAM_MARK_IMG,TEAM_ACTIVE_LASTDAY,TEAM_DELETE_STATUS) values ('135043','wow45@daum.net',18,'BVF','남녀그룹','20대','서울특별시 노원구',4,'팀마크2.png',to_date('20/01/15','RR/MM/DD'),'N');
Insert into GB.TEAM (TEAM_CODE,TEAM_LEADER,TEAM_NUM,TEAM_NAME,TEAM_GENDER,TEAM_AGE,TEAM_REGION,TEAM_POINT,TEAM_MARK_IMG,TEAM_ACTIVE_LASTDAY,TEAM_DELETE_STATUS) values ('438654','wow1@daum.net',19,'레알소시민','남자그룹','10대','서울특별시 양천구',5,'팀마크3.png',to_date('20/08/15','RR/MM/DD'),'N');
Insert into GB.TEAM (TEAM_CODE,TEAM_LEADER,TEAM_NUM,TEAM_NAME,TEAM_GENDER,TEAM_AGE,TEAM_REGION,TEAM_POINT,TEAM_MARK_IMG,TEAM_ACTIVE_LASTDAY,TEAM_DELETE_STATUS) values ('342045','wow2@daum.net',20,'발로','남녀그룹','20대','서울특별시 동작구',3,'팀마크4.png',to_date('20/01/15','RR/MM/DD'),'N');
Insert into GB.TEAM (TEAM_CODE,TEAM_LEADER,TEAM_NUM,TEAM_NAME,TEAM_GENDER,TEAM_AGE,TEAM_REGION,TEAM_POINT,TEAM_MARK_IMG,TEAM_ACTIVE_LASTDAY,TEAM_DELETE_STATUS) values ('992046','wow3@daum.net',21,'레이스fc','여자그룹','10대','서울특별시 서초구',5,'팀마크5.png',to_date('99/08/15','RR/MM/DD'),'N');
Insert into GB.TEAM (TEAM_CODE,TEAM_LEADER,TEAM_NUM,TEAM_NAME,TEAM_GENDER,TEAM_AGE,TEAM_REGION,TEAM_POINT,TEAM_MARK_IMG,TEAM_ACTIVE_LASTDAY,TEAM_DELETE_STATUS) values ('520479','wow4@daum.net',22,'맨땅에시티','남녀그룹','30대','서울특별시 송파구',5,'팀마크6.png',to_date('20/11/15','RR/MM/DD'),'N');
Insert into GB.TEAM (TEAM_CODE,TEAM_LEADER,TEAM_NUM,TEAM_NAME,TEAM_GENDER,TEAM_AGE,TEAM_REGION,TEAM_POINT,TEAM_MARK_IMG,TEAM_ACTIVE_LASTDAY,TEAM_DELETE_STATUS) values ('495964','wow5@daum.net',23,'발리셧노라','남녀그룹','20대','서울특별시 마포구',5,'팀마크7.png',to_date('20/12/15','RR/MM/DD'),'N');
Insert into GB.TEAM (TEAM_CODE,TEAM_LEADER,TEAM_NUM,TEAM_NAME,TEAM_GENDER,TEAM_AGE,TEAM_REGION,TEAM_POINT,TEAM_MARK_IMG,TEAM_ACTIVE_LASTDAY,TEAM_DELETE_STATUS) values ('165119','wow6@daum.net',24,'민체스터혁','남녀그룹','10대','서울특별시 성북구',4,'팀마크8.png',to_date('20/06/15','RR/MM/DD'),'N');
Insert into GB.TEAM (TEAM_CODE,TEAM_LEADER,TEAM_NUM,TEAM_NAME,TEAM_GENDER,TEAM_AGE,TEAM_REGION,TEAM_POINT,TEAM_MARK_IMG,TEAM_ACTIVE_LASTDAY,TEAM_DELETE_STATUS) values ('048566','wow7@daum.net',25,'FCLG트윈스','남녀그룹','20대','서울특별시 노원구',5,'팀마크9.png',to_date('98/02/15','RR/MM/DD'),'N');
Insert into GB.TEAM (TEAM_CODE,TEAM_LEADER,TEAM_NUM,TEAM_NAME,TEAM_GENDER,TEAM_AGE,TEAM_REGION,TEAM_POINT,TEAM_MARK_IMG,TEAM_ACTIVE_LASTDAY,TEAM_DELETE_STATUS) values ('876612','wow8@daum.net',26,'레이스fc','남녀그룹','10대','서울특별시 강남구',3,'팀마크10.png',to_date('20/02/15','RR/MM/DD'),'N');
REM INSERTING into GB.TEAMMEMBER
SET DEFINE OFF;
Insert into GB.TEAMMEMBER (SUPPORTER_EMAIL,SUPPORT_TEAM,TEAMMEMBER_NUM,POSITION,APPLICATION_STATUS,DELETE_STATUS) values ('wer2@daum.net','046768',2,'공격수','Y','N');
Insert into GB.TEAMMEMBER (SUPPORTER_EMAIL,SUPPORT_TEAM,TEAMMEMBER_NUM,POSITION,APPLICATION_STATUS,DELETE_STATUS) values ('wer4@daum.net','542042',4,'미드필더','N','Y');
Insert into GB.TEAMMEMBER (SUPPORTER_EMAIL,SUPPORT_TEAM,TEAMMEMBER_NUM,POSITION,APPLICATION_STATUS,DELETE_STATUS) values ('wer2@daum.net','656543',5,'미드필더','Y','N');
Insert into GB.TEAMMEMBER (SUPPORTER_EMAIL,SUPPORT_TEAM,TEAMMEMBER_NUM,POSITION,APPLICATION_STATUS,DELETE_STATUS) values ('ek12mv21@gmail.com','656543',6,'골키퍼','Y','N');
Insert into GB.TEAMMEMBER (SUPPORTER_EMAIL,SUPPORT_TEAM,TEAMMEMBER_NUM,POSITION,APPLICATION_STATUS,DELETE_STATUS) values ('rose1214_@naver.com','542042',7,'수비수','W','N');
Insert into GB.TEAMMEMBER (SUPPORTER_EMAIL,SUPPORT_TEAM,TEAMMEMBER_NUM,POSITION,APPLICATION_STATUS,DELETE_STATUS) values ('wow1@daum.net','520479',8,'공격수','W','N');
Insert into GB.TEAMMEMBER (SUPPORTER_EMAIL,SUPPORT_TEAM,TEAMMEMBER_NUM,POSITION,APPLICATION_STATUS,DELETE_STATUS) values ('wow2@daum.net','520479',9,'수비수','W','N');
Insert into GB.TEAMMEMBER (SUPPORTER_EMAIL,SUPPORT_TEAM,TEAMMEMBER_NUM,POSITION,APPLICATION_STATUS,DELETE_STATUS) values ('wow3@daum.net','520479',10,'공격수','Y','N');
Insert into GB.TEAMMEMBER (SUPPORTER_EMAIL,SUPPORT_TEAM,TEAMMEMBER_NUM,POSITION,APPLICATION_STATUS,DELETE_STATUS) values ('wow5@daum.net','520479',11,'골키퍼','Y','N');
Insert into GB.TEAMMEMBER (SUPPORTER_EMAIL,SUPPORT_TEAM,TEAMMEMBER_NUM,POSITION,APPLICATION_STATUS,DELETE_STATUS) values ('wow6@daum.net','520479',12,'수비수','Y','N');
Insert into GB.TEAMMEMBER (SUPPORTER_EMAIL,SUPPORT_TEAM,TEAMMEMBER_NUM,POSITION,APPLICATION_STATUS,DELETE_STATUS) values ('wow7@daum.net','520479',13,'미드필더','Y','N');
Insert into GB.TEAMMEMBER (SUPPORTER_EMAIL,SUPPORT_TEAM,TEAMMEMBER_NUM,POSITION,APPLICATION_STATUS,DELETE_STATUS) values ('wow8@daum.net','520479',14,'골키퍼','Y','N');
Insert into GB.TEAMMEMBER (SUPPORTER_EMAIL,SUPPORT_TEAM,TEAMMEMBER_NUM,POSITION,APPLICATION_STATUS,DELETE_STATUS) values ('wow9@daum.net','520479',15,'수비수','Y','N');
Insert into GB.TEAMMEMBER (SUPPORTER_EMAIL,SUPPORT_TEAM,TEAMMEMBER_NUM,POSITION,APPLICATION_STATUS,DELETE_STATUS) values ('wow4@daum.net','432049',16,'공격수','Y','N');
Insert into GB.TEAMMEMBER (SUPPORTER_EMAIL,SUPPORT_TEAM,TEAMMEMBER_NUM,POSITION,APPLICATION_STATUS,DELETE_STATUS) values ('wow23@daum.net','432049',17,'공격수','W','N');
Insert into GB.TEAMMEMBER (SUPPORTER_EMAIL,SUPPORT_TEAM,TEAMMEMBER_NUM,POSITION,APPLICATION_STATUS,DELETE_STATUS) values ('wow45@daum.net','432049',18,'수비수','N','N');
Insert into GB.TEAMMEMBER (SUPPORTER_EMAIL,SUPPORT_TEAM,TEAMMEMBER_NUM,POSITION,APPLICATION_STATUS,DELETE_STATUS) values ('wow67@daum.net','432049',19,'공격수','Y','N');
--------------------------------------------------------
--  Constraints for Table BRANCH
--------------------------------------------------------

  ALTER TABLE "GB"."BRANCH" ADD PRIMARY KEY ("BRANCH_NUM")
  USING INDEX PCTFREE 10 INITRANS 2 MAXTRANS 255 COMPUTE STATISTICS
  STORAGE(INITIAL 65536 NEXT 1048576 MINEXTENTS 1 MAXEXTENTS 2147483645
  PCTINCREASE 0 FREELISTS 1 FREELIST GROUPS 1 BUFFER_POOL DEFAULT FLASH_CACHE DEFAULT CELL_FLASH_CACHE DEFAULT)
  TABLESPACE "SYSTEM"  ENABLE;
  ALTER TABLE "GB"."BRANCH" ADD CONSTRAINT "CK_BRANCH_DELETE_STATUS" CHECK (branch_delete_status IN ('Y', 'N')) ENABLE;
  ALTER TABLE "GB"."BRANCH" ADD CONSTRAINT "CK_BRANCH_OPTION_INOUT" CHECK (branch_option_inout IN ('I', 'O')) ENABLE;
  ALTER TABLE "GB"."BRANCH" ADD CONSTRAINT "CK_BRANCH_OPTION_BALL" CHECK (branch_option_ball IN ('Y', 'N')) ENABLE;
  ALTER TABLE "GB"."BRANCH" ADD CONSTRAINT "CK_BRANCH_OPTION_SHOES" CHECK (branch_option_shoes IN ('Y', 'N')) ENABLE;
  ALTER TABLE "GB"."BRANCH" ADD CONSTRAINT "CK_BRANCH_OPTION_UNIFORM" CHECK (branch_option_uniform IN ('Y', 'N')) ENABLE;
  ALTER TABLE "GB"."BRANCH" ADD CONSTRAINT "CK_BRANCH_OPTION_PARK" CHECK (branch_option_park IN ('Y', 'N')) ENABLE;
  ALTER TABLE "GB"."BRANCH" ADD CONSTRAINT "CK_BRANCH_OPTION_SHOWER" CHECK (branch_option_shower IN ('Y', 'N')) ENABLE;
  ALTER TABLE "GB"."BRANCH" ADD CONSTRAINT "CK_BRANCH_POINT" CHECK (branch_point BETWEEN 0 AND 5) ENABLE;
  ALTER TABLE "GB"."BRANCH" MODIFY ("BRANCH_DELETE_STATUS" NOT NULL ENABLE);
  ALTER TABLE "GB"."BRANCH" MODIFY ("BRANCH_OPTION_INOUT" NOT NULL ENABLE);
  ALTER TABLE "GB"."BRANCH" MODIFY ("BRANCH_OPTION_BALL" NOT NULL ENABLE);
  ALTER TABLE "GB"."BRANCH" MODIFY ("BRANCH_OPTION_SHOES" NOT NULL ENABLE);
  ALTER TABLE "GB"."BRANCH" MODIFY ("BRANCH_OPTION_UNIFORM" NOT NULL ENABLE);
  ALTER TABLE "GB"."BRANCH" MODIFY ("BRANCH_OPTION_PARK" NOT NULL ENABLE);
  ALTER TABLE "GB"."BRANCH" MODIFY ("BRANCH_OPTION_SHOWER" NOT NULL ENABLE);
  ALTER TABLE "GB"."BRANCH" MODIFY ("BRANCH_POINT" NOT NULL ENABLE);
  ALTER TABLE "GB"."BRANCH" MODIFY ("BRANCH_PHONE" NOT NULL ENABLE);
  ALTER TABLE "GB"."BRANCH" MODIFY ("BRANCH_ADDRESS" NOT NULL ENABLE);
  ALTER TABLE "GB"."BRANCH" MODIFY ("BRANCH_MANAGER_EMAIL" NOT NULL ENABLE);
--------------------------------------------------------
--  Constraints for Table MATCHREGIST
--------------------------------------------------------

  ALTER TABLE "GB"."MATCHREGIST" ADD PRIMARY KEY ("REGIST_NUM")
  USING INDEX PCTFREE 10 INITRANS 2 MAXTRANS 255 COMPUTE STATISTICS
  STORAGE(INITIAL 65536 NEXT 1048576 MINEXTENTS 1 MAXEXTENTS 2147483645
  PCTINCREASE 0 FREELISTS 1 FREELIST GROUPS 1 BUFFER_POOL DEFAULT FLASH_CACHE DEFAULT CELL_FLASH_CACHE DEFAULT)
  TABLESPACE "SYSTEM"  ENABLE;
  ALTER TABLE "GB"."MATCHREGIST" ADD CONSTRAINT "CK_MATCH_REGIST_STATUS" CHECK (regist_status IN ('Y', 'N')) ENABLE;
  ALTER TABLE "GB"."MATCHREGIST" MODIFY ("REGIST_STADIUM_NUM" NOT NULL ENABLE);
  ALTER TABLE "GB"."MATCHREGIST" MODIFY ("REGIST_BRANCH_NUM" NOT NULL ENABLE);
  ALTER TABLE "GB"."MATCHREGIST" MODIFY ("REGIST_STATUS" NOT NULL ENABLE);
  ALTER TABLE "GB"."MATCHREGIST" MODIFY ("REGIST_RESERVATION_CODE" NOT NULL ENABLE);
  ALTER TABLE "GB"."MATCHREGIST" MODIFY ("REGIST_TEAM" NOT NULL ENABLE);
--------------------------------------------------------
--  Constraints for Table BOARD_ATTACHMENT
--------------------------------------------------------

  ALTER TABLE "GB"."BOARD_ATTACHMENT" ADD PRIMARY KEY ("FILE_ID")
  USING INDEX PCTFREE 10 INITRANS 2 MAXTRANS 255 COMPUTE STATISTICS
  STORAGE(INITIAL 65536 NEXT 1048576 MINEXTENTS 1 MAXEXTENTS 2147483645
  PCTINCREASE 0 FREELISTS 1 FREELIST GROUPS 1 BUFFER_POOL DEFAULT FLASH_CACHE DEFAULT CELL_FLASH_CACHE DEFAULT)
  TABLESPACE "SYSTEM"  ENABLE;
  ALTER TABLE "GB"."BOARD_ATTACHMENT" MODIFY ("FILE_PATH" NOT NULL ENABLE);
  ALTER TABLE "GB"."BOARD_ATTACHMENT" MODIFY ("CHANGE_NAME" NOT NULL ENABLE);
  ALTER TABLE "GB"."BOARD_ATTACHMENT" MODIFY ("ORIGIN_NAME" NOT NULL ENABLE);
  ALTER TABLE "GB"."BOARD_ATTACHMENT" MODIFY ("BOARD_NUM" NOT NULL ENABLE);
--------------------------------------------------------
--  Constraints for Table REVIEW
--------------------------------------------------------

  ALTER TABLE "GB"."REVIEW" ADD PRIMARY KEY ("REVIEW_NUM")
  USING INDEX PCTFREE 10 INITRANS 2 MAXTRANS 255 COMPUTE STATISTICS
  STORAGE(INITIAL 65536 NEXT 1048576 MINEXTENTS 1 MAXEXTENTS 2147483645
  PCTINCREASE 0 FREELISTS 1 FREELIST GROUPS 1 BUFFER_POOL DEFAULT FLASH_CACHE DEFAULT CELL_FLASH_CACHE DEFAULT)
  TABLESPACE "SYSTEM"  ENABLE;
  ALTER TABLE "GB"."REVIEW" ADD CONSTRAINT "CK_REVIEW_DELETE_STATUS" CHECK (review_delete_status IN ('Y', 'N')) ENABLE;
  ALTER TABLE "GB"."REVIEW" ADD CONSTRAINT "CK_REVIEW_POINT" CHECK (review_point BETWEEN 0 AND 5) ENABLE;
  ALTER TABLE "GB"."REVIEW" MODIFY ("REVIEW_DELETE_STATUS" NOT NULL ENABLE);
  ALTER TABLE "GB"."REVIEW" MODIFY ("REVIEW_DATE" NOT NULL ENABLE);
  ALTER TABLE "GB"."REVIEW" MODIFY ("REVIEW_POINT" NOT NULL ENABLE);
  ALTER TABLE "GB"."REVIEW" MODIFY ("REVIEW_CONTENT" NOT NULL ENABLE);
  ALTER TABLE "GB"."REVIEW" MODIFY ("REVIEW_BRANCH_NUM" NOT NULL ENABLE);
  ALTER TABLE "GB"."REVIEW" MODIFY ("REVIEW_EMAIL" NOT NULL ENABLE);
--------------------------------------------------------
--  Constraints for Table RESERVATION
--------------------------------------------------------

  ALTER TABLE "GB"."RESERVATION" MODIFY ("RESERVATION_PRICE" NOT NULL ENABLE);
  ALTER TABLE "GB"."RESERVATION" MODIFY ("RESERVATION_NUM" NOT NULL ENABLE);
  ALTER TABLE "GB"."RESERVATION" MODIFY ("RESERVATION_STADIUM_NUM" NOT NULL ENABLE);
  ALTER TABLE "GB"."RESERVATION" MODIFY ("RESERVATION_BRANCH_NUM" NOT NULL ENABLE);
  ALTER TABLE "GB"."RESERVATION" MODIFY ("RESERVATION_EMAIL" NOT NULL ENABLE);
  ALTER TABLE "GB"."RESERVATION" ADD PRIMARY KEY ("RESERVATION_CODE")
  USING INDEX PCTFREE 10 INITRANS 2 MAXTRANS 255 COMPUTE STATISTICS
  STORAGE(INITIAL 65536 NEXT 1048576 MINEXTENTS 1 MAXEXTENTS 2147483645
  PCTINCREASE 0 FREELISTS 1 FREELIST GROUPS 1 BUFFER_POOL DEFAULT FLASH_CACHE DEFAULT CELL_FLASH_CACHE DEFAULT)
  TABLESPACE "SYSTEM"  ENABLE;
  ALTER TABLE "GB"."RESERVATION" ADD CONSTRAINT "CK_RESERVATION_STATUS" CHECK (reservation_status IN ('Y', 'N')) ENABLE;
  ALTER TABLE "GB"."RESERVATION" MODIFY ("RESERVATION_STATUS" NOT NULL ENABLE);
  ALTER TABLE "GB"."RESERVATION" MODIFY ("RESERVATION_USAGE_START_DATE" NOT NULL ENABLE);
  ALTER TABLE "GB"."RESERVATION" MODIFY ("RESERVATION_USAGE_END_TIME" NOT NULL ENABLE);
  ALTER TABLE "GB"."RESERVATION" MODIFY ("RESERVATION_USAGE_TIME" NOT NULL ENABLE);
  ALTER TABLE "GB"."RESERVATION" MODIFY ("RESERVATION_USAGE_START_TIME" NOT NULL ENABLE);
--------------------------------------------------------
--  Constraints for Table TEAMMEMBER
--------------------------------------------------------

  ALTER TABLE "GB"."TEAMMEMBER" ADD CONSTRAINT "CK_DELETE_STATUS" CHECK (delete_status IN ('Y', 'N')) ENABLE;
  ALTER TABLE "GB"."TEAMMEMBER" ADD CONSTRAINT "CK_APPLICATION_STATUS" CHECK (application_status IN ('Y', 'W', 'N')) ENABLE;
  ALTER TABLE "GB"."TEAMMEMBER" MODIFY ("DELETE_STATUS" NOT NULL ENABLE);
  ALTER TABLE "GB"."TEAMMEMBER" MODIFY ("APPLICATION_STATUS" NOT NULL ENABLE);
  ALTER TABLE "GB"."TEAMMEMBER" MODIFY ("POSITION" NOT NULL ENABLE);
  ALTER TABLE "GB"."TEAMMEMBER" MODIFY ("TEAMMEMBER_NUM" NOT NULL ENABLE);
  ALTER TABLE "GB"."TEAMMEMBER" MODIFY ("SUPPORT_TEAM" NOT NULL ENABLE);
  ALTER TABLE "GB"."TEAMMEMBER" MODIFY ("SUPPORTER_EMAIL" NOT NULL ENABLE);
--------------------------------------------------------
--  Constraints for Table MATCH
--------------------------------------------------------

  ALTER TABLE "GB"."MATCH" ADD CONSTRAINT "CK_MANAGER_POINT_STATUS" CHECK (manager_point_status IN ('Y', 'N')) ENABLE;
  ALTER TABLE "GB"."MATCH" ADD CONSTRAINT "CK_MATCH_WINLOSE" CHECK (match_winlose IN ('W', 'L', 'D', 'N')) ENABLE;
  ALTER TABLE "GB"."MATCH" ADD CONSTRAINT "CK_MATCH_APPLICATION_STATUS" CHECK (match_application_status IN ('W', 'Y', 'N')) ENABLE;
  ALTER TABLE "GB"."MATCH" MODIFY ("MATCH_RESERVATION_CODE" NOT NULL ENABLE);
  ALTER TABLE "GB"."MATCH" MODIFY ("MATCH_STADIUM_NUM" NOT NULL ENABLE);
  ALTER TABLE "GB"."MATCH" MODIFY ("MATCH_BRANCH_NUM" NOT NULL ENABLE);
  ALTER TABLE "GB"."MATCH" MODIFY ("MANAGER_POINT_STATUS" NOT NULL ENABLE);
  ALTER TABLE "GB"."MATCH" MODIFY ("MATCH_APPLICATION_STATUS" NOT NULL ENABLE);
  ALTER TABLE "GB"."MATCH" MODIFY ("MATCH_NUM" NOT NULL ENABLE);
  ALTER TABLE "GB"."MATCH" MODIFY ("MATCH_TEAM" NOT NULL ENABLE);
  ALTER TABLE "GB"."MATCH" MODIFY ("MATCH_REGIST_NUM" NOT NULL ENABLE);
--------------------------------------------------------
--  Constraints for Table MEMBER
--------------------------------------------------------

  ALTER TABLE "GB"."MEMBER" ADD PRIMARY KEY ("EMAIL")
  USING INDEX PCTFREE 10 INITRANS 2 MAXTRANS 255 COMPUTE STATISTICS
  STORAGE(INITIAL 65536 NEXT 1048576 MINEXTENTS 1 MAXEXTENTS 2147483645
  PCTINCREASE 0 FREELISTS 1 FREELIST GROUPS 1 BUFFER_POOL DEFAULT FLASH_CACHE DEFAULT CELL_FLASH_CACHE DEFAULT)
  TABLESPACE "SYSTEM"  ENABLE;
  ALTER TABLE "GB"."MEMBER" ADD CONSTRAINT "CK_MEMBER_DELETE_STATUS" CHECK (member_delete_status IN ('Y', 'N')) ENABLE;
  ALTER TABLE "GB"."MEMBER" ADD CONSTRAINT "CK_MEMBER_TYPE" CHECK (member_type IN ('G', 'M', 'R')) ENABLE;
  ALTER TABLE "GB"."MEMBER" ADD CONSTRAINT "CK_MEMBER_KAKAO" CHECK (member_kakao IN ('Y', 'N')) ENABLE;
  ALTER TABLE "GB"."MEMBER" ADD CONSTRAINT "CK_GENDER" CHECK (gender IN ('남', '여')) ENABLE;
  ALTER TABLE "GB"."MEMBER" MODIFY ("MEMBER_DELETE_STATUS" NOT NULL ENABLE);
  ALTER TABLE "GB"."MEMBER" MODIFY ("MEMBER_TYPE" NOT NULL ENABLE);
  ALTER TABLE "GB"."MEMBER" MODIFY ("MEMBER_KAKAO" NOT NULL ENABLE);
  ALTER TABLE "GB"."MEMBER" MODIFY ("PHONE" NOT NULL ENABLE);
  ALTER TABLE "GB"."MEMBER" MODIFY ("GENDER" NOT NULL ENABLE);
  ALTER TABLE "GB"."MEMBER" MODIFY ("BIRTHDAY" NOT NULL ENABLE);
  ALTER TABLE "GB"."MEMBER" MODIFY ("NAME" NOT NULL ENABLE);
  ALTER TABLE "GB"."MEMBER" MODIFY ("PWD" NOT NULL ENABLE);
--------------------------------------------------------
--  Constraints for Table BOARD
--------------------------------------------------------

  ALTER TABLE "GB"."BOARD" ADD PRIMARY KEY ("BOARD_NUM")
  USING INDEX PCTFREE 10 INITRANS 2 MAXTRANS 255 COMPUTE STATISTICS
  STORAGE(INITIAL 65536 NEXT 1048576 MINEXTENTS 1 MAXEXTENTS 2147483645
  PCTINCREASE 0 FREELISTS 1 FREELIST GROUPS 1 BUFFER_POOL DEFAULT FLASH_CACHE DEFAULT CELL_FLASH_CACHE DEFAULT)
  TABLESPACE "SYSTEM"  ENABLE;
  ALTER TABLE "GB"."BOARD" MODIFY ("BOARD_DATE" NOT NULL ENABLE);
  ALTER TABLE "GB"."BOARD" MODIFY ("BOARD_CONTENT" NOT NULL ENABLE);
  ALTER TABLE "GB"."BOARD" MODIFY ("BOARD_TITLE" NOT NULL ENABLE);
  ALTER TABLE "GB"."BOARD" MODIFY ("WRITER_EMAIL" NOT NULL ENABLE);
  ALTER TABLE "GB"."BOARD" MODIFY ("BOARD_WRITER" NOT NULL ENABLE);
--------------------------------------------------------
--  Constraints for Table STADIUM
--------------------------------------------------------

  ALTER TABLE "GB"."STADIUM" ADD PRIMARY KEY ("STADIUM_NUM")
  USING INDEX PCTFREE 10 INITRANS 2 MAXTRANS 255 COMPUTE STATISTICS
  STORAGE(INITIAL 65536 NEXT 1048576 MINEXTENTS 1 MAXEXTENTS 2147483645
  PCTINCREASE 0 FREELISTS 1 FREELIST GROUPS 1 BUFFER_POOL DEFAULT FLASH_CACHE DEFAULT CELL_FLASH_CACHE DEFAULT)
  TABLESPACE "SYSTEM"  ENABLE;
  ALTER TABLE "GB"."STADIUM" ADD CONSTRAINT "CK_STADIUM_DELETE_STATUS" CHECK (stadium_delete_status IN ('Y', 'N')) ENABLE;
  ALTER TABLE "GB"."STADIUM" MODIFY ("STADIUM_DELETE_STATUS" NOT NULL ENABLE);
  ALTER TABLE "GB"."STADIUM" MODIFY ("STADIUM_RESERVATION_END_TIME" NOT NULL ENABLE);
  ALTER TABLE "GB"."STADIUM" MODIFY ("STADIUM_RESERVATION_START_TIME" NOT NULL ENABLE);
  ALTER TABLE "GB"."STADIUM" MODIFY ("STADIUM_NAME" NOT NULL ENABLE);
  ALTER TABLE "GB"."STADIUM" MODIFY ("STADIUM_BRANCH_NUM" NOT NULL ENABLE);
--------------------------------------------------------
--  Constraints for Table TEAM
--------------------------------------------------------

  ALTER TABLE "GB"."TEAM" ADD PRIMARY KEY ("TEAM_CODE")
  USING INDEX PCTFREE 10 INITRANS 2 MAXTRANS 255 COMPUTE STATISTICS
  STORAGE(INITIAL 65536 NEXT 1048576 MINEXTENTS 1 MAXEXTENTS 2147483645
  PCTINCREASE 0 FREELISTS 1 FREELIST GROUPS 1 BUFFER_POOL DEFAULT FLASH_CACHE DEFAULT CELL_FLASH_CACHE DEFAULT)
  TABLESPACE "SYSTEM"  ENABLE;
  ALTER TABLE "GB"."TEAM" ADD CONSTRAINT "CK_TEAM_DELETE_STATUS" CHECK (team_delete_status IN ('Y', 'N')) ENABLE;
  ALTER TABLE "GB"."TEAM" ADD CONSTRAINT "CK_TEAM_POINT" CHECK (team_point BETWEEN 0 AND 5) ENABLE;
  ALTER TABLE "GB"."TEAM" MODIFY ("TEAM_DELETE_STATUS" NOT NULL ENABLE);
  ALTER TABLE "GB"."TEAM" MODIFY ("TEAM_ACTIVE_LASTDAY" NOT NULL ENABLE);
  ALTER TABLE "GB"."TEAM" MODIFY ("TEAM_MARK_IMG" NOT NULL ENABLE);
  ALTER TABLE "GB"."TEAM" MODIFY ("TEAM_POINT" NOT NULL ENABLE);
  ALTER TABLE "GB"."TEAM" MODIFY ("TEAM_REGION" NOT NULL ENABLE);
  ALTER TABLE "GB"."TEAM" MODIFY ("TEAM_AGE" NOT NULL ENABLE);
  ALTER TABLE "GB"."TEAM" MODIFY ("TEAM_GENDER" NOT NULL ENABLE);
  ALTER TABLE "GB"."TEAM" MODIFY ("TEAM_NAME" NOT NULL ENABLE);
  ALTER TABLE "GB"."TEAM" MODIFY ("TEAM_NUM" NOT NULL ENABLE);
  ALTER TABLE "GB"."TEAM" MODIFY ("TEAM_LEADER" NOT NULL ENABLE);
--------------------------------------------------------
--  Ref Constraints for Table BOARD_ATTACHMENT
--------------------------------------------------------

  ALTER TABLE "GB"."BOARD_ATTACHMENT" ADD FOREIGN KEY ("BOARD_NUM")
	  REFERENCES "GB"."BOARD" ("BOARD_NUM") ENABLE;
--------------------------------------------------------
--  Ref Constraints for Table BRANCH
--------------------------------------------------------

  ALTER TABLE "GB"."BRANCH" ADD CONSTRAINT "FK_BRANCH_MANAGER_EMAIL" FOREIGN KEY ("BRANCH_MANAGER_EMAIL")
	  REFERENCES "GB"."MEMBER" ("EMAIL") ON DELETE SET NULL ENABLE;
--------------------------------------------------------
--  Ref Constraints for Table MATCH
--------------------------------------------------------

  ALTER TABLE "GB"."MATCH" ADD CONSTRAINT "FK_MATCH_REGIST_NUM" FOREIGN KEY ("MATCH_REGIST_NUM")
	  REFERENCES "GB"."MATCHREGIST" ("REGIST_NUM") ON DELETE SET NULL ENABLE;
  ALTER TABLE "GB"."MATCH" ADD CONSTRAINT "FK_MATCH_RESERVATION" FOREIGN KEY ("MATCH_RESERVATION_CODE")
	  REFERENCES "GB"."RESERVATION" ("RESERVATION_CODE") ON DELETE SET NULL ENABLE;
  ALTER TABLE "GB"."MATCH" ADD CONSTRAINT "FK_MATCH_STADIUM_NUM" FOREIGN KEY ("MATCH_STADIUM_NUM")
	  REFERENCES "GB"."STADIUM" ("STADIUM_NUM") ON DELETE SET NULL ENABLE;
  ALTER TABLE "GB"."MATCH" ADD CONSTRAINT "FK_MATCH_TEAM" FOREIGN KEY ("MATCH_TEAM")
	  REFERENCES "GB"."TEAM" ("TEAM_CODE") ON DELETE SET NULL ENABLE;
--------------------------------------------------------
--  Ref Constraints for Table MATCHREGIST
--------------------------------------------------------

  ALTER TABLE "GB"."MATCHREGIST" ADD CONSTRAINT "FK_MATCH_REGIST_RESERVATION" FOREIGN KEY ("REGIST_RESERVATION_CODE")
	  REFERENCES "GB"."RESERVATION" ("RESERVATION_CODE") ON DELETE SET NULL ENABLE;
  ALTER TABLE "GB"."MATCHREGIST" ADD CONSTRAINT "FK_MATCH_REGIST_STADIUM_NUM" FOREIGN KEY ("REGIST_STADIUM_NUM")
	  REFERENCES "GB"."STADIUM" ("STADIUM_NUM") ON DELETE SET NULL ENABLE;
  ALTER TABLE "GB"."MATCHREGIST" ADD CONSTRAINT "FK_MATCH_REGIST_TEAM" FOREIGN KEY ("REGIST_TEAM")
	  REFERENCES "GB"."TEAM" ("TEAM_CODE") ON DELETE SET NULL ENABLE;
--------------------------------------------------------
--  Ref Constraints for Table RESERVATION
--------------------------------------------------------

  ALTER TABLE "GB"."RESERVATION" ADD CONSTRAINT "FK_RESERVATION_EMAIL" FOREIGN KEY ("RESERVATION_EMAIL")
	  REFERENCES "GB"."MEMBER" ("EMAIL") ON DELETE SET NULL ENABLE;
  ALTER TABLE "GB"."RESERVATION" ADD CONSTRAINT "FK_RESERVATION_STADIUM_NUM" FOREIGN KEY ("RESERVATION_STADIUM_NUM")
	  REFERENCES "GB"."STADIUM" ("STADIUM_NUM") ON DELETE SET NULL ENABLE;
--------------------------------------------------------
--  Ref Constraints for Table REVIEW
--------------------------------------------------------

  ALTER TABLE "GB"."REVIEW" ADD CONSTRAINT "FK_REVIEW_EMAIL" FOREIGN KEY ("REVIEW_EMAIL")
	  REFERENCES "GB"."MEMBER" ("EMAIL") ON DELETE SET NULL ENABLE;
--------------------------------------------------------
--  Ref Constraints for Table TEAM
--------------------------------------------------------

  ALTER TABLE "GB"."TEAM" ADD CONSTRAINT "FK_TEAM_LEADER" FOREIGN KEY ("TEAM_LEADER")
	  REFERENCES "GB"."MEMBER" ("EMAIL") ON DELETE SET NULL ENABLE;
--------------------------------------------------------
--  Ref Constraints for Table TEAMMEMBER
--------------------------------------------------------

  ALTER TABLE "GB"."TEAMMEMBER" ADD CONSTRAINT "FK_SUPPORTER_EMAIL" FOREIGN KEY ("SUPPORTER_EMAIL")
	  REFERENCES "GB"."MEMBER" ("EMAIL") ON DELETE SET NULL ENABLE;
  ALTER TABLE "GB"."TEAMMEMBER" ADD CONSTRAINT "FK_SUPPORT_TEAM" FOREIGN KEY ("SUPPORT_TEAM")
	  REFERENCES "GB"."TEAM" ("TEAM_CODE") ON DELETE SET NULL ENABLE;
